141882440,http://bbs.tianya.cn/post-828-1562804-1.shtml,辽宁省开原市政府不作为纵容周斌违法违规开发，欺骗国家督查组。,ty_会呼吸的痛293,2020-03-14 21:17:20,1230,0,辽宁省铁岭市开原市魏某信访事项督查情况　　国家信访局门户网站　www.gjxfj.gov.cn日期： 2014-12-12 来源： 国家信访局　　【字体：大　 中　 小】 【打印本稿】 【关闭】　　2014年11月20日，国家信访局会同国土资源部、农业部组成督查组，就辽宁省铁岭市开原市庆云镇魏某网上投诉反映的问题，通过听取汇报、查阅资料、面见信访人及有关当事人、查看现场等方式进行了实地督查。　　一、基本情况　　信访人魏某，男，满族，农民，住辽宁省铁岭市开原市庆云镇。　　2014年1月3日，魏某通过网上投诉向国家信访局反映，2013年11月，庆云镇河东村祥和家园小区项目在没有任何手续的情况下，违规建设小产权房;开发商通过打砸门窗等形式逼迫村民签订协议等问题。　　2014年1月27日，开原市庆云镇答复意见称，庆云镇小城镇建设总体规划已由铁岭市政府批准通过，开发建设手续完备，不存在违规建设“小产权房”问题。信访人在满意度评价表中留言，表示不满意，认为答复意见欺骗上级，问题一直未解决。　　二、核查情况　　经核查，2011年，庆云镇引进开原市新城房地产开发公司，对原有农贸市场以东地块进行了地产开发建设。项目占地总面积19583平方米，分两期实施。其中，一期占地8304平方米，二期占地11279平方米。该项目于2012年9月开始实施，2013年5月完成了一期项目，但在没有经过审批的情况下，擅自进行了第二期项目建设。在二期项目建设过程中，开原市有关部门发现该项目没有及时办理土地、规划等相关手续，开原市国土局、规划局、城建局多次对其下达《责令停止违法行为通知书》、《停建通知书》和《停工整改通知单》，但项目建设单位并未按要求停工整改。针对这些情况，开原市城建局于2014年对该项目进行了封停，开原市国土局对其下达了《行政处罚决定书》，并向开原市人民法院申请强制执行，该项目现已全面停工。今年8月，开原市在自查中发现了庆云镇祥和家园项目存在的严重违规问题，已成立由纪检监察部门牵头的调查组，对存在的问题进行立案调查。目前，纪检调查组还在调查过程中。　　开原市庆云镇派出所接到信访人关于暴力拆迁问题的报案后，已经及时立案，并对报案人员及嫌疑人进行调查询问，但目前没有查到嫌疑人砸玻璃的直接证据，暂无法结案。　　三、当地对督查建议的工作情况　　督查组针对当地在土地征收监管、暴力拆迁等方面存在的问题提出了督查建议。对此，开原市委、市政府表示，将尽快纠正祥和家园小区二期项目征地手续不全问题，并对开原市房地产市场进行一次彻底清查，加强行业监管，加大对违法、违规问题的打击力度，坚决杜绝此类问题再次发生。关于暴力拆迁问题，将待问题查清后，对违法人员依法予以严肃处理。信访人表示满意，并签订了息访协议书。　　注：2015年2月4日，辽宁省报来后续办理情况。开原市委、市政府组成由纪检、国土等部门参加的专项整治小组，对庆云镇以及开原市房地产市场进行了一次彻底清查。庆云镇党委政府主要领导先后两次到魏某家走访，信访人对处理结果满意。　　我作为本信访的当事人，对以上问题存在严重的质疑，如下；　　第一点；开原市政府就在中央督查组来的那一天，把工程叫停了，当时临时贴了一天的封条哄弄国家督查组就到现场的那一会，工程一天没有停，中央督查组走了以后，明知道是没有任何手续的工程，存在严重的违规，周斌没有补办任何手续的情况下，庆云祥和家园小区二期工程欺上瞒下依然盖起来了，导致严重的一楼多卖，使几十户老百姓深受其害。百姓投诉无门。　　第二点；开原市在自查中发现了庆云祥和家园项目存在严重的违规问题，已成立由纪检监察部门牵头的调查组，对存在的问题进行立案调查，都已经好几年了，纪检监察部门调查出来一个什么结果了。不但没有调查出结果，周斌反而没有补办任何手续依然盖起来了，还有恃无恐的告诉老百姓随便告，告到哪里哪里有人，这是形式主义。老百姓去哪里能得到一个公平正义。老百姓如果往上反映情况，地方回答上面是先上车后买票，不知道中央督查组叫停以后还是先上车后买票吗，老百姓嘴小说话没有人听，都愿意听当官的谎言。　　第三点；开原市市委、市政府表示、将尽快纠正祥和家园小区二期项目征地手续不全的问题，不知道怎么纠正的，政府只是说空话，不办实事，周斌还是盖起来了，手写的楼票子随便开，导致严重的一楼多卖，房屋建成后销售面积大于建筑面积，装修保证金不予退还，开发商说断水就断水说断电就断电，老百姓投诉无门。　　第四点；说开原市庆云镇主要领导先后两次来我家走访，我不知道哪位领导来过我家，我对处理结果表示满意，纯属无中生有，我如果要是不在国家信访局看这个件，我自己全然不知，我也不知道怎么的处理结果，政府的官员全是在说谎话欺上瞒下，阳奉阴违，这就是我所知道的一切，全是谎言。　　第五点；周斌在庆云祥和家园动迁期间，经常以强拆，半夜打砸玻璃手段拆迁征地，庆云派出所报警记录比比皆是，至今没有一个破案的，我不知道周斌的保护伞有多大，还是警方无能。望国家在派出调查组明察。
18791127,http://bbs.tianya.cn/post-free-1433063-1.shtml,今天在学校健身房被黑人留学生与他的中国女友侮辱了,熊轸,2008-09-25 16:51:00,52823,258,"本人25岁,在一高校读研二.我身高1.78米,体重80公斤.长年健身,属于肌肉型的.平时喜欢器械健身与单双杠,身材还是不错的.    刚才在学校健身房健身,里面有10几个人,体格与一般学生比都不错.还有两个黑人留学生,感觉他们肌肉块头和我差不多,线条我承认比我美.本来大家相安无事.过了一会,两个女生来了,长得很漂亮.一般学校健身房没女生来,她们是找那两个黑人的.其中一个女生在一个黑人做仰卧起坐时,和他顾若无人的接吻,当然是点到即止,没有深吻.那黑鬼还边做边吻鬼叫.我们几个中国男生看了看那女生,她居然很傲气的看着我们.好象搞个外国男人很牛B.   这就算了,毕竟接吻是你们两个人的事.中国情侣在公共场合接吻的也多.我做完卧推等胸部动作后准备去深蹲.先做了三组腿曲伸预热后,走到深蹲架那.刚才接吻的那黑人已经在深蹲架那做了两组,在一边休息,与他女朋友调情.我一看杠铃重量120公斤,我一般是蹲100公斤到110公斤.我就去拿掉点重量.　　  这时,那贱女生问我干吗,我说拿掉点重量.那黑人在一旁说,NO,等下他还要练.我说我练完再给你装上.那女生说,力气小就等会练.听到这话我有气就和她理论了几句.她说,你啊,先天不足,再怎么练也练不过他(那黑人).我说,请你说话放尊重点.她说,本来吗,中国男人体格就不如黑人.那黑人在旁边还朝我笑笑,是那种嘲笑,说什么    ,OH,CHINESE.到这份上我也不知道什么心在做怪,就蹲起那黑人的120公斤了.可是我失败了,蹲了三个就起不来了.那女生在傍边说,黄种人体格就是不行........　　    我们学校黑人留学生是从非洲来的.他们的国家不如中国富.而中国女人还是媚他们.我以前以为中国女人媚外是经济原因,看来不是.是文化原因.就算哪天我们经济赶英超美了.但文化上,我们还是有自卑感.白人,黑人对我们的性霸权还是存在.我觉得不能一味的骂中国的媚外女.我们政府应该从舆论上树立民族信心,实际在中国学习工作,司法上让外国人与中国人平等.今天我确实很难过.请下面的人理性的分析."
138711409,http://bbs.tianya.cn/post-university-1179620-1.shtml,专业的学习其实学不到专业,无限美妙之美妙,2019-01-31 23:15:01,12402,731,"很多人指望通过专业的学习和接受专业的培训,　　让自己在某个专业上得到提升,　　我渐渐发现,越是专业的,越绕弯子.　　所谓的专业培训只能获得一些学习的方法和获得的途径　　并不能解决实用性问题　　有很多解决核心的问题的方法是通过受到启发获得的　　而给予启发的事情,　　都是和专业根本不相关的事情."
111158152,http://bbs.tianya.cn/post-828-1562976-1.shtml,感谢延安市纪委、延川县纪委,zhangyufu2016,2020-03-19 19:16:18,219,0,我叫张玉福，男，现年58岁，延川县永平镇人。在2013年我做了延川县贾家坪镇灾后重建廉租房工程，至2020年3月16日，贾家坪政府所欠我的工程款未能结清，债主逼债，当时我冲动向上级纪委检举了延川县纪委，但我不知道延川县纪委督促贾家坪政府解决所欠我工程款的问题，我感到十分的歉意，再我要感谢市、县纪委是党的好警官，是人民的小棉袄，我看到了阳光，感到了温暖，再次我感谢党和国家，是人民的贴心人。
13397113,http://bbs.tianya.cn/post-free-6092053-1.shtml,从山大异性学伴，到清华外籍免试入学,痴山,2019-08-17 11:15:31,1389,39,从山大异性学伴，到清华外籍免试入学　　痴山　　《用外籍身份考清华北大直接免试？中国家长成护照市场主力军》报道：从山大学伴作为引子，披露清华大学从2017年起便明确了外籍考生无需考试的规章制度，转而采用了申请审核制度，就说明外国人如果想成为清华本科学生，只需要提交申请材料并等待审核通过即可，直接跳过中国考试10几年的寒窗苦读。　　读此新闻，想到了国际法里的国民待遇。该原则是指国家在相同条件下和特定范围内，给予外国人和本国公民相同的待遇。通常情况上，国民待遇适用于民商事和诉讼权利方面。同时限制于例如选举权和被选举权等政治权利方面。而像清华大学，本国学子十几年寒窗，拔尖再拔尖，多被拒于清华门外。这外国学生只要会讲几句中国话，就可以免试就读清华大学。歧视国人献媚洋人，这似乎更像华人与狗不得入内的翻版。也难道国家权贵富豪热衷于弄个外国籍，原来自己国家都不把自己国家的公民当人看。　　读此新闻，更想到有权威资讯所报道：全世界中国之外的其他国家，艾滋病发病率都在下降，唯有中国直线上升。尤其是中国大学校园，更成为艾滋病等性病的重灾区。其原因之一，是国家取消了外国人入境的艾滋病边检。让中国成为外国艾滋病人的发泄地传染地。原因之二，像清华对外籍免试入学，和山东大学一个留学生配三个异性学伴的崇洋媚外行径，当功不可没。　　2019-08-17鲁南
58701309,http://bbs.tianya.cn/post-university-1184085-1.shtml,未进过高等学府、切学会了舞文弄墨,何来铜臭扰清悠,2019-02-23 21:44:19,3675,227,"贪官写真　　“五子登科”欲难禁，公权就像“屠民刀”。　　公章盖下冤魂血，“天条玉律”索尔魂。　　贪官写真　　貌似青天恰是魔，表白黑里脏事多。　　大厦难挺千虫蛀，亡国何须敌寇来。　　戏女情　　将士浴血工商壮国通通不如戏女获封侯　　将士浴血志难酬，工商壮国亦含羞。　　轻歌一曲金万贯，多少戏女获封侯.　　自写 　　天生孤独散慢骄,岌岌无名无人瞧.　　不问诸侯寻富贵,只识渔樵天涯行。　　自勉　　落魄江湖四十秋，似有大悟慰余生。　　不需朝堂展鸿志，自有诗词燃激情。　　贪官写真　　出差旅途伴上差，交谈泛泛映轻浮。　　做官无需才八斗，谄媚奴仆最适宜。 　　戏女情 　　　伶女旋身花闭蕾，嗲音酥麻百鸟羞。　　盛装惊艳摄人魄，一人功勋抵一城　　戏女情　　戏里贞妇戏外娼，处处红楼倚翠芳。　　伶女一笑坚兵软，何须秣马戍边疆。"
142177591,http://bbs.tianya.cn/post-828-1562975-1.shtml,百姓的冤屈得不到公平,濮阳受害者,2020-03-19 19:16:17,242,0,河南省台前县人民法院执行局将原告的赔偿款按40%扣除，执行局工作人员将赔偿款私分装入个人腰包，这也是案子唯一一次执行到的执法款，原告唯一一次请求执行局去执行，工作人员说没抓到 看你条件不好算了吧，来了这么几个人白跑一趟。这句话什么意思！事后有人告诉我执行局每来一次都要给200元钱，如果不给以后执行局就不会在来执行，事实也证明了十几年了执行局在也没有给个说法。[/cp]
141151378,http://bbs.tianya.cn/post-develop-2438563-1.shtml,成都郊区一宗土地拍卖溢价125%成交,迅龙566,2020-03-19 16:48:11,1034,7,成都郊区一宗土地拍卖溢价125%成交
135945371,http://bbs.tianya.cn/post-stocks-2170530-1.shtml,神创何时6000点？,红尘小石头,2020-03-19 18:33:01,98,3,时不时算上一卦，看看神创何时6000点。
136884739,http://bbs.tianya.cn/post-1151-91605-1.shtml,周三复盘分析及热点板块点评,子琪论市,2020-03-18 19:15:57,174,0,下面简单的给大家分析下今天的热点　　5G大科技： 300576容大感光 300293蓝英装备 江化微603078 300265通光电缆 002261拓维信息 300698万马科技 300373杨杰科技 600667太极实业　　点评：科技股今日冲高回落该板块分支多，要多做基础工作挖掘好，龙头300265再次强势涨停，但午后大多个股冲高大幅回落，科技股操作的节奏要好，近期疫情影响大，建议关注前排龙头，或者止跌明显个股，跟随大势操作，可以逢低关注 容大感光 蓝英装备 通光电缆 杨杰科技 拓维信息，最近科技股处于反复筑底中，除了前排外，其他个股当日大幅放量卖出为主，回踩尺度线支撑买入　　充电桩 300713英可瑞 603050科林电气 300499 高澜股份 002922伊戈尔 002358森源电气 300491通合科技，　　点评，充电桩板块算是特高压的一个分支，今天前排个股强势上涨，投资者也要重点关注前排个股，特别是一些放量突破关键位置的个股，可以重点关注 英可瑞 科林电气 高澜股份 伊戈尔 森源电气　　医药，300485赛升药业 002603以岭药业 000739普洛药业 002107沃华医药 天坛生物600161 002007华兰生物 300294博雅生物 000518四环生物 科华生物002022　　点评：该板块整体受益疫情今年业绩都会很好，加上技术形态配合以及年后这波大多调整，现在调整后开始启动，要密切关注，沃华医药 博雅生物 四环生物　　土地流转，永安林业00663 600108亚盛集团 600515海航基础 002556辉隆股份 601952海泰发展 000537广宇发展 601118海南橡胶　　点评：该板块近两日跌幅较大，前排龙头连续大涨后开始放量出货，考虑到大盘目前的形态，整体非主流，炒作不起来，前两日强势的前排龙头对该板块也带动不了，持股该板块个股的朋友，注意30天线支撑，破位可能会有反抽，等回落到这个位置看下是否有机会。　　通信板块：国脉科技 002093 600498烽火通信 002194武汉凡谷 300025华星创业 000682东方电子 600271航天信息 600804鹏博士　　点评：5G大基建是今年的主流趋势，但年后该板块大多涨幅在百分之50，作为大基金建仓标的现在买确实贵了，先调整年初涨幅的一半再说，对于板块个股，建议大多个股等跌至年线再看，调整周期看1个半月到2个月，1个月下跌，1个月筑底才有大机会。　　再次重申实盘操作瞬息万变，投资者更需要根据盘中的变化做好买卖决策，既然是短线，那就要有短线的思路和对待方法，特别是当前国际行情波动很大，操作不留心不说利润，本金还可能亏损。昨天提示关注的太极实业 用友网络 国科微，容大感光，今天都是获利的，太极获利7个点 用友获利6个点，容大今天一字涨停，国科微小赚3个点。，盘中精彩。祝大家大赚！炒股不容易，养家更不易，大家干好本职工作的同时放松心态，我们慢慢来，牛散专业短线，更多分析关注盘中直播！
141980729,http://bbs.tianya.cn/post-free-6128730-1.shtml,邢台县公安局众多人员充当亿元黑恶势力犯罪集团保护伞被媒体曝光,人类正义才有幸福,2020-03-17 21:13:19,242,21,河北省邢台县公安局众多人员顶风作案，公开中国充当涉案亿元黑恶势力犯罪集团“保护伞”，被各大国家级新闻媒体曝光中国　　河北省邢台县公安局八年来一直拒绝立案查处，庞大规模众多人员顽固不化达到“刀架脖子上”也不办案，坚决走古代“警匪一家”祸害老百姓路线，顶风作案，公开中国充当黑恶势力“保护伞”，现实版邢台市早已无法无天，一片黑暗，邢台社会秩序不复存在，社会失去正义，后果比天大，导致一百多口受害老百姓无法生存，人民警察的正义在哪里？良心在哪里？人性在哪里？党纪国法在哪里？社会还要不要进步？　　涉案亿元的犯罪分子郑爱亚合谋黑恶势力犯罪集团曹滨、郭浪22人，共同实施的多个重大侵财犯罪行为，符合党中央正在“扫黑除恶”行动中，十大重点打击对象案件，他们具有以下黑恶势力犯罪行为：　　一、黑恶势力犯罪集团曹滨、郭浪、梁华等22人，先以邢台市亚荣公司欠他们非法高利贷利息，暴力讨债的黑恶势力犯罪行为，强行霸占亚荣公司1.5亿元项目二年之久、赤裸裸的掠夺抢走非法利益千万元，后面郭浪代表曹滨又到公安局做笔录说明他们没有借款给亚荣公司，曹滨、郭浪、梁华合谋郑爱亚共同犯罪，以个人借款和公司借款为愰子，前后矛盾侵财犯罪行为都是同时一致的，作为共犯论处，情节极其恶劣，形成黑恶势力集团犯罪行为证据链，构成犯数罪案件，已经是铁案，本案中，黑恶势力犯罪集团曹滨等人长年职业非法高利放贷，实施暴力讨债的黑恶势力犯罪行为，列入国家“扫黑除恶”行动中，十大重点打击对象。　　二、涉案亿元的犯罪分子郑爱亚涉黑涉恶犯罪案件中，合谋曹滨、郭浪、梁华等22人，共同强行霸占、掠夺、诈骗侵害钱银先个人股份财产资金2600万元，实施纠集经常作案的黑恶势力犯罪集团22人，以充当“地下执法队”方式，任意损坏钱银先个人车辆，暴力赶在钱银先滚蛋，让钱银先持有1.5亿元项目中50%股份财产所有权利荡然无存，猖狂帮凶涉案亿元的犯罪分子郑爱亚诈骗钱银先股份全部财产等多个犯罪行为顺利完成，各自分得赃款，应该作为共犯论处，造成重大后果，导致钱银先全家及若干老百姓无法生存，社会影响极其恶劣，钱银先受害案情各大新闻媒体不停一线采访曝光中国，本案中，黑恶势力犯罪集团曹滨、郭浪、梁华等22人充当“地下执法队”霸占公私财物犯罪行为，列入国家“扫黑除恶”行动中，十大重点打击对象。　　三、涉案亿元的犯罪分子郑爱亚涉黑涉恶犯罪案件中，合谋曹滨、郭浪、梁华，多次纠集的是经常“打砸抢”作案的黑恶势力犯罪集团18人，而且郭浪宣称威力“最狠一次暴力讨债砸掉一栋十层楼”规模庞大，危害社会后果重大，大家一致公认，具有黑社会性质，最迟码定性为恶势力犯罪集团，本案中，经常“打砸抢”的黑恶势力犯罪集团，列入国家“扫黑除恶”行动中，十大重点打击对象。　　本案中，涉案亿元的犯罪分子郑爱亚合谋黑恶势力犯罪集团曹滨、郭浪22人，共同实施多个重大黑恶势力犯罪行为，构成犯数罪案件：涉嫌寻衅滋事罪、敲诈勒索罪、强迫交易罪、聚众扰乱社会秩序罪，伪证罪、职务侵占罪、诈骗罪等等罪行。　　特殊无法无天罕见恶劣情况是:　　黑恶势力犯罪集团头目曹滨等人在江苏省阜宁县范围作案的黑恶势力犯罪案件，2019年已经被江苏省阜宁县公安局立案查处抓捕归案，但是黑恶势力犯罪集团头目曹滨等人在河北邢台县范围实施的一系列黑恶势力重大犯罪行为，邢台县公安局受理此案后，至今连立案都拒绝立，非常黑暗荒唐致极，相关人员隐瞒案情、有案不立，公开中国包庇黑恶势力犯罪集团22人，社会影响极其恶劣，导致若干老百姓无法生存，公开中国声明，造成一切重大后果，均有邢台县公安局承担一切法律责任。　　公开中国涉案亿元的黑恶势力犯罪集团郑爱亚等22人犯罪行为，被各大国家级新闻媒体曝光中国，但是邢台县公安局办案单位坚决拒绝立案。　　此涉案亿元的黑恶势力犯罪集团刑案中主犯郑爱亚、曹滨、郭浪、梁华等22人的多个重大黑恶势力侵财犯罪行为法律定性，可以认定他们单独犯罪和共同犯罪，达到他们都具有犯罪行为事实发生，大家一致公认，邢台警方必须对此涉案亿元的黑恶势力刑案，立案查处。　　黑恶势力犯罪集团头目曹滨等人，长年职业非法高利放贷，实施黑恶势力犯罪集团22人，暴力强行霸占、掠夺抢走非法利益千万元，他们不光实施暴力讨债，而且同时实施以借款为愰子套路侵财诈骗犯罪行为，构成刑事侵财犯数罪，本案中案情，一般定性为，涉嫌寻衅滋事罪、敲诈勒索罪、强迫交易罪、诈骗罪等。大家一致公认，邢台警方达到必须对黑恶势力犯罪集团曹滨等22人，实施多个重大侵财犯罪行为，立案查处。　　黑恶势力犯罪集团曹滨、郑爱亚、郭浪等22人，充当“地下执法队”方式，强行霸占掠夺、诈骗、侵害钱银先持有1.5亿元项目中50%股份全部财产2600万元，各自分得赃款，构成犯数罪案件。邢台警方达到必须对郑爱亚等人寻衅滋事犯罪、敲诈勒索罪、强迫交易罪、职务侵占罪、诈骗犯罪行为，立案查处！找任何借口拒绝立案，直接列入包庇罪犯论处。　　以上一系列黑恶势力犯罪集团刑案，用中国法律界众多知名人士话说，河北邢台警方不能把这些重大刑案都扔掉不办吧。　　一般碰到重大黑恶势力犯罪亿元刑案，无期徒刑黑恶势力犯罪分子们为了保命，反正他们抢的都是受害老百姓财产，花钱无所谓的，大规模拉笼众多人民警察下水，让办案单位谎报案情，有案不立，还故意制造冤假错案，这是全中国社会常见警察腐败问题，也是党中央紧急下令“从严治警”维护党纪国法的决策。　　这样无法无天黑暗腐败致极的恶劣情况下，受害人亲自到北京面对面通报中纪委、公安部，公安部又把此重大黑恶势力犯罪案件，多次转给河北省邢台警方处理，但是下面坚决纹丝不动，拒绝履行国家法律赋予他们的职责，拒绝执行党中央《扫黑除恶》行动，坚决充当黑恶势力犯罪集团“保护伞”到底，坚决祸害老百姓到底，河北邢台社会秩序已经不复存在，无法生存的老百姓根本看不到光明，从严治警，从严治党，刻不容缓。
34348684,http://bbs.tianya.cn/post-university-1186376-1.shtml,大家真心评价当今中国最有希望拿诺贝尔奖的一部诗集《自然生活》节选作品,地球村子abc,2019-04-09 19:17:01,13419,487,每一个热爱生活真正懂得老子与庄子人生观的人都会喜欢这部作品！　　自自然然生活多么好！　　历经千辛万苦，如梦醒来，远离喧嚣，走向桃花源，走向老庄境界，走向自然生活......　　《自然生活》（诗歌篇）　　作者：自然村子　　——不求韵律！只是记录自然心情！　　自然生活 （1）　　一　　冬天酷寒在　　冰冻乡村厚　　晴空空气鲜　　新年又春秋　　二　　感慨不想再多说　　新年要有新快乐　　与风飘去老时间　　和鸟飞来自然乐　　三　　暖阳晒暖有些倦　　闭目养神为忙碌　　冬闲其实几人闲　　清静感觉一会舒　　四　　寒冬乡村别样美　　晴空原野雀鸟飞　　自然万物多少眠　　哪里来风几缕清　　五　　浮燥心情应沉静　　理想要远勿近功　　淡泊名利多读写　　自谦自学少玩空　　08/01/01。　　一　　寒冷晴空冰冻厚　　朝阳东方暖意有　　飞鸟乡村树上落　　轻快鸣唱有自由　　二　　乡村雄鸡叫　　新年伊始开　　晴空新鲜感　　飞鸟几群来　　三　　雀鸟无畏寒冷在　　冰冻霜厚土路硬　　大树近旁疏朗美　　冬天乡村自然醒　　四　　冷静酷寒里　　暖柔阳光中　　冰冻几层厚　　飞鸟自由空　　五　　新年又一天　　蔚蓝晴空鲜　　疏朗乡村美　　多少飞鸟远　　08/01/02。　　一　　功课冬闲每天练　　又入忙碌其实是　　好在不为有无用　　可以静心读写诗　　二　　小雀树上 惯唱　　无聊屋中自然读　　自由舒畅婉转音　　有趣逍遥境界入　　三　　奈何世事每天多　　小屋清静读写乐　　忘却昨天享今天　　晴空蔚蓝阳光和　　四　　乡村喧嚣闹中静　　蓝天无音鸟飞空　　世界岁月多少去　　宇宙无限万物中　　五　　小村冬闲晴空下　　大树疏朗阳光明　　飞雀几类羽颜美　　忍冬植物有叶青　　08/01/03。　　自然生活 （2 ）　　一　　冰霜冬天在　　雀鸟美丽来　　东方朝阳升　　寂静喧嚣开　　二　　鸡鸣狗吠乡村中　　雀鸟自由飞于空　　喧嚣寂静冬闲感　　酷寒清爽悠然拥　　三　　河堤上面北风冷　　忍冬植物依然青　　乡村飞鸟落树鸣　　太阳无语东方醒　　四　　自然有雀鸟　　悠闲得美妙　　缥缈薄雾走　　心情感觉好　　五　　雄鸡村中鸣　　斑鸠远处叫　　世界复又醒　　朝阳重新高　　08/01/04。　　一　　小雀已归巢　　夕阳西边落　　旧岁去几日　　新年有快乐　　二　　美丽自然暮意里　　疏朗乡村夕阳西　　有风不冷清爽感　　冬闲悠走心情怡　　三　　冬闲酷冷冰未化　　有风忽来凛冽清　　无聊有趣几重复　　失去得来多少醒　　四　　雀鸟倦意鸣　　夕阳缓慢落　　小村自然里　　不冷风感和　　五　　新年又几天　　朝阳夕阳圆　　碧蓝晴空在　　原野一望远　　08/01/04。　　一　　阳光明媚雀鸟戏　　寒冰檐下有水滴　　乡村冬闲可晒暖　　记录今天好天气　　二　　荒草野鸟晴空下　　冰厚霜白乡村中　　疏疏朗朗几分美　　冷冷清清淡泊拥　　三　　冬闲无奈读诗书　　乡村有乐练字中　　读写散步感生活　　惯自然品中庸　　四　　三十多岁又奋发　　几经拼搏有啥功　　有为无为不想论　　自然生活乡村中　　五　　村中孩子笑　　树上雀鸟闹　　乡村酷寒中　　晴空暖阳高　　08/01/05。　　这是一位历经千辛万苦者的自我超越，对生活的重新认识！　　这是一位文学青年思想情感的经历。从清纯少年到热血青年到今天的自已。从年少的文学理想到青春的文学理想到今天的文学理想。从年少时对人生的认识到今天对人生的认识。一次又一次地超越自己！一次又一次地认识自己！一次又一次地发现什么是真正的生活！　　历经千辛万苦，如梦醒来，远离喧嚣，走向桃花源，走向老庄境界，走向自然生活......　　追求天地合一，追求阳光快乐的自然生活是当今世界人类的终极目的！　　每一个热爱生活真正懂得老子与庄子人生观的人都会喜欢这部作品！　　自自然然生活多么好！　　历经千辛万苦，如梦醒来，远离喧嚣，走向桃花源，走向老庄境界，走向自然生活......
136697926,http://bbs.tianya.cn/post-828-1562974-1.shtml,无法无天，山东省临沂市费县薛庄镇通太庄村丰新华,高秀兵2018,2020-03-19 19:16:10,272,0,通太庄村丰新华把好好的土地损坏，把土拉洗沙，已经违犯土地管理法的规定，丰新华洗沙设备在通太庄村西，村果园里面按着胆大包天，损坏土地近5亩多，洗的沙随时卖掉，村民打过12345电话，可无结果，希望政府对这样损坏土地的行为以法办事，严肃处理，现在给社会造成极坏影响，希望政府早日尽快追究，不然土地损坏越来越多，这种行为政府不可能不追究吧？？？
18791127,http://bbs.tianya.cn/post-free-1433063-1.shtml,今天在学校健身房被黑人留学生与他的中国女友侮辱了,熊轸,2008-09-25 16:51:00,52823,258,"本人25岁,在一高校读研二.我身高1.78米,体重80公斤.长年健身,属于肌肉型的.平时喜欢器械健身与单双杠,身材还是不错的.    刚才在学校健身房健身,里面有10几个人,体格与一般学生比都不错.还有两个黑人留学生,感觉他们肌肉块头和我差不多,线条我承认比我美.本来大家相安无事.过了一会,两个女生来了,长得很漂亮.一般学校健身房没女生来,她们是找那两个黑人的.其中一个女生在一个黑人做仰卧起坐时,和他顾若无人的接吻,当然是点到即止,没有深吻.那黑鬼还边做边吻鬼叫.我们几个中国男生看了看那女生,她居然很傲气的看着我们.好象搞个外国男人很牛B.   这就算了,毕竟接吻是你们两个人的事.中国情侣在公共场合接吻的也多.我做完卧推等胸部动作后准备去深蹲.先做了三组腿曲伸预热后,走到深蹲架那.刚才接吻的那黑人已经在深蹲架那做了两组,在一边休息,与他女朋友调情.我一看杠铃重量120公斤,我一般是蹲100公斤到110公斤.我就去拿掉点重量.　　  这时,那贱女生问我干吗,我说拿掉点重量.那黑人在一旁说,NO,等下他还要练.我说我练完再给你装上.那女生说,力气小就等会练.听到这话我有气就和她理论了几句.她说,你啊,先天不足,再怎么练也练不过他(那黑人).我说,请你说话放尊重点.她说,本来吗,中国男人体格就不如黑人.那黑人在旁边还朝我笑笑,是那种嘲笑,说什么    ,OH,CHINESE.到这份上我也不知道什么心在做怪,就蹲起那黑人的120公斤了.可是我失败了,蹲了三个就起不来了.那女生在傍边说,黄种人体格就是不行........　　    我们学校黑人留学生是从非洲来的.他们的国家不如中国富.而中国女人还是媚他们.我以前以为中国女人媚外是经济原因,看来不是.是文化原因.就算哪天我们经济赶英超美了.但文化上,我们还是有自卑感.白人,黑人对我们的性霸权还是存在.我觉得不能一味的骂中国的媚外女.我们政府应该从舆论上树立民族信心,实际在中国学习工作,司法上让外国人与中国人平等.今天我确实很难过.请下面的人理性的分析."
13397113,http://bbs.tianya.cn/post-free-6092053-1.shtml,从山大异性学伴，到清华外籍免试入学,痴山,2019-08-17 11:15:31,1389,39,从山大异性学伴，到清华外籍免试入学　　痴山　　《用外籍身份考清华北大直接免试？中国家长成护照市场主力军》报道：从山大学伴作为引子，披露清华大学从2017年起便明确了外籍考生无需考试的规章制度，转而采用了申请审核制度，就说明外国人如果想成为清华本科学生，只需要提交申请材料并等待审核通过即可，直接跳过中国考试10几年的寒窗苦读。　　读此新闻，想到了国际法里的国民待遇。该原则是指国家在相同条件下和特定范围内，给予外国人和本国公民相同的待遇。通常情况上，国民待遇适用于民商事和诉讼权利方面。同时限制于例如选举权和被选举权等政治权利方面。而像清华大学，本国学子十几年寒窗，拔尖再拔尖，多被拒于清华门外。这外国学生只要会讲几句中国话，就可以免试就读清华大学。歧视国人献媚洋人，这似乎更像华人与狗不得入内的翻版。也难道国家权贵富豪热衷于弄个外国籍，原来自己国家都不把自己国家的公民当人看。　　读此新闻，更想到有权威资讯所报道：全世界中国之外的其他国家，艾滋病发病率都在下降，唯有中国直线上升。尤其是中国大学校园，更成为艾滋病等性病的重灾区。其原因之一，是国家取消了外国人入境的艾滋病边检。让中国成为外国艾滋病人的发泄地传染地。原因之二，像清华对外籍免试入学，和山东大学一个留学生配三个异性学伴的崇洋媚外行径，当功不可没。　　2019-08-17鲁南
111158152,http://bbs.tianya.cn/post-828-1562976-1.shtml,感谢延安市纪委、延川县纪委,zhangyufu2016,2020-03-19 19:16:18,219,0,我叫张玉福，男，现年58岁，延川县永平镇人。在2013年我做了延川县贾家坪镇灾后重建廉租房工程，至2020年3月16日，贾家坪政府所欠我的工程款未能结清，债主逼债，当时我冲动向上级纪委检举了延川县纪委，但我不知道延川县纪委督促贾家坪政府解决所欠我工程款的问题，我感到十分的歉意，再我要感谢市、县纪委是党的好警官，是人民的小棉袄，我看到了阳光，感到了温暖，再次我感谢党和国家，是人民的贴心人。
138711409,http://bbs.tianya.cn/post-university-1179620-1.shtml,专业的学习其实学不到专业,无限美妙之美妙,2019-01-31 23:15:01,12402,731,"很多人指望通过专业的学习和接受专业的培训,　　让自己在某个专业上得到提升,　　我渐渐发现,越是专业的,越绕弯子.　　所谓的专业培训只能获得一些学习的方法和获得的途径　　并不能解决实用性问题　　有很多解决核心的问题的方法是通过受到启发获得的　　而给予启发的事情,　　都是和专业根本不相关的事情."
141151378,http://bbs.tianya.cn/post-develop-2438563-1.shtml,成都郊区一宗土地拍卖溢价125%成交,迅龙566,2020-03-19 16:48:11,1034,7,成都郊区一宗土地拍卖溢价125%成交
141980729,http://bbs.tianya.cn/post-free-6128730-1.shtml,邢台县公安局众多人员充当亿元黑恶势力犯罪集团保护伞被媒体曝光,人类正义才有幸福,2020-03-17 21:13:19,242,21,河北省邢台县公安局众多人员顶风作案，公开中国充当涉案亿元黑恶势力犯罪集团“保护伞”，被各大国家级新闻媒体曝光中国　　河北省邢台县公安局八年来一直拒绝立案查处，庞大规模众多人员顽固不化达到“刀架脖子上”也不办案，坚决走古代“警匪一家”祸害老百姓路线，顶风作案，公开中国充当黑恶势力“保护伞”，现实版邢台市早已无法无天，一片黑暗，邢台社会秩序不复存在，社会失去正义，后果比天大，导致一百多口受害老百姓无法生存，人民警察的正义在哪里？良心在哪里？人性在哪里？党纪国法在哪里？社会还要不要进步？　　涉案亿元的犯罪分子郑爱亚合谋黑恶势力犯罪集团曹滨、郭浪22人，共同实施的多个重大侵财犯罪行为，符合党中央正在“扫黑除恶”行动中，十大重点打击对象案件，他们具有以下黑恶势力犯罪行为：　　一、黑恶势力犯罪集团曹滨、郭浪、梁华等22人，先以邢台市亚荣公司欠他们非法高利贷利息，暴力讨债的黑恶势力犯罪行为，强行霸占亚荣公司1.5亿元项目二年之久、赤裸裸的掠夺抢走非法利益千万元，后面郭浪代表曹滨又到公安局做笔录说明他们没有借款给亚荣公司，曹滨、郭浪、梁华合谋郑爱亚共同犯罪，以个人借款和公司借款为愰子，前后矛盾侵财犯罪行为都是同时一致的，作为共犯论处，情节极其恶劣，形成黑恶势力集团犯罪行为证据链，构成犯数罪案件，已经是铁案，本案中，黑恶势力犯罪集团曹滨等人长年职业非法高利放贷，实施暴力讨债的黑恶势力犯罪行为，列入国家“扫黑除恶”行动中，十大重点打击对象。　　二、涉案亿元的犯罪分子郑爱亚涉黑涉恶犯罪案件中，合谋曹滨、郭浪、梁华等22人，共同强行霸占、掠夺、诈骗侵害钱银先个人股份财产资金2600万元，实施纠集经常作案的黑恶势力犯罪集团22人，以充当“地下执法队”方式，任意损坏钱银先个人车辆，暴力赶在钱银先滚蛋，让钱银先持有1.5亿元项目中50%股份财产所有权利荡然无存，猖狂帮凶涉案亿元的犯罪分子郑爱亚诈骗钱银先股份全部财产等多个犯罪行为顺利完成，各自分得赃款，应该作为共犯论处，造成重大后果，导致钱银先全家及若干老百姓无法生存，社会影响极其恶劣，钱银先受害案情各大新闻媒体不停一线采访曝光中国，本案中，黑恶势力犯罪集团曹滨、郭浪、梁华等22人充当“地下执法队”霸占公私财物犯罪行为，列入国家“扫黑除恶”行动中，十大重点打击对象。　　三、涉案亿元的犯罪分子郑爱亚涉黑涉恶犯罪案件中，合谋曹滨、郭浪、梁华，多次纠集的是经常“打砸抢”作案的黑恶势力犯罪集团18人，而且郭浪宣称威力“最狠一次暴力讨债砸掉一栋十层楼”规模庞大，危害社会后果重大，大家一致公认，具有黑社会性质，最迟码定性为恶势力犯罪集团，本案中，经常“打砸抢”的黑恶势力犯罪集团，列入国家“扫黑除恶”行动中，十大重点打击对象。　　本案中，涉案亿元的犯罪分子郑爱亚合谋黑恶势力犯罪集团曹滨、郭浪22人，共同实施多个重大黑恶势力犯罪行为，构成犯数罪案件：涉嫌寻衅滋事罪、敲诈勒索罪、强迫交易罪、聚众扰乱社会秩序罪，伪证罪、职务侵占罪、诈骗罪等等罪行。　　特殊无法无天罕见恶劣情况是:　　黑恶势力犯罪集团头目曹滨等人在江苏省阜宁县范围作案的黑恶势力犯罪案件，2019年已经被江苏省阜宁县公安局立案查处抓捕归案，但是黑恶势力犯罪集团头目曹滨等人在河北邢台县范围实施的一系列黑恶势力重大犯罪行为，邢台县公安局受理此案后，至今连立案都拒绝立，非常黑暗荒唐致极，相关人员隐瞒案情、有案不立，公开中国包庇黑恶势力犯罪集团22人，社会影响极其恶劣，导致若干老百姓无法生存，公开中国声明，造成一切重大后果，均有邢台县公安局承担一切法律责任。　　公开中国涉案亿元的黑恶势力犯罪集团郑爱亚等22人犯罪行为，被各大国家级新闻媒体曝光中国，但是邢台县公安局办案单位坚决拒绝立案。　　此涉案亿元的黑恶势力犯罪集团刑案中主犯郑爱亚、曹滨、郭浪、梁华等22人的多个重大黑恶势力侵财犯罪行为法律定性，可以认定他们单独犯罪和共同犯罪，达到他们都具有犯罪行为事实发生，大家一致公认，邢台警方必须对此涉案亿元的黑恶势力刑案，立案查处。　　黑恶势力犯罪集团头目曹滨等人，长年职业非法高利放贷，实施黑恶势力犯罪集团22人，暴力强行霸占、掠夺抢走非法利益千万元，他们不光实施暴力讨债，而且同时实施以借款为愰子套路侵财诈骗犯罪行为，构成刑事侵财犯数罪，本案中案情，一般定性为，涉嫌寻衅滋事罪、敲诈勒索罪、强迫交易罪、诈骗罪等。大家一致公认，邢台警方达到必须对黑恶势力犯罪集团曹滨等22人，实施多个重大侵财犯罪行为，立案查处。　　黑恶势力犯罪集团曹滨、郑爱亚、郭浪等22人，充当“地下执法队”方式，强行霸占掠夺、诈骗、侵害钱银先持有1.5亿元项目中50%股份全部财产2600万元，各自分得赃款，构成犯数罪案件。邢台警方达到必须对郑爱亚等人寻衅滋事犯罪、敲诈勒索罪、强迫交易罪、职务侵占罪、诈骗犯罪行为，立案查处！找任何借口拒绝立案，直接列入包庇罪犯论处。　　以上一系列黑恶势力犯罪集团刑案，用中国法律界众多知名人士话说，河北邢台警方不能把这些重大刑案都扔掉不办吧。　　一般碰到重大黑恶势力犯罪亿元刑案，无期徒刑黑恶势力犯罪分子们为了保命，反正他们抢的都是受害老百姓财产，花钱无所谓的，大规模拉笼众多人民警察下水，让办案单位谎报案情，有案不立，还故意制造冤假错案，这是全中国社会常见警察腐败问题，也是党中央紧急下令“从严治警”维护党纪国法的决策。　　这样无法无天黑暗腐败致极的恶劣情况下，受害人亲自到北京面对面通报中纪委、公安部，公安部又把此重大黑恶势力犯罪案件，多次转给河北省邢台警方处理，但是下面坚决纹丝不动，拒绝履行国家法律赋予他们的职责，拒绝执行党中央《扫黑除恶》行动，坚决充当黑恶势力犯罪集团“保护伞”到底，坚决祸害老百姓到底，河北邢台社会秩序已经不复存在，无法生存的老百姓根本看不到光明，从严治警，从严治党，刻不容缓。
142177591,http://bbs.tianya.cn/post-828-1562975-1.shtml,百姓的冤屈得不到公平,濮阳受害者,2020-03-19 19:16:17,242,0,河南省台前县人民法院执行局将原告的赔偿款按40%扣除，执行局工作人员将赔偿款私分装入个人腰包，这也是案子唯一一次执行到的执法款，原告唯一一次请求执行局去执行，工作人员说没抓到 看你条件不好算了吧，来了这么几个人白跑一趟。这句话什么意思！事后有人告诉我执行局每来一次都要给200元钱，如果不给以后执行局就不会在来执行，事实也证明了十几年了执行局在也没有给个说法。[/cp]
58701309,http://bbs.tianya.cn/post-university-1184085-1.shtml,未进过高等学府、切学会了舞文弄墨,何来铜臭扰清悠,2019-02-23 21:44:19,3675,227,"贪官写真　　“五子登科”欲难禁，公权就像“屠民刀”。　　公章盖下冤魂血，“天条玉律”索尔魂。　　贪官写真　　貌似青天恰是魔，表白黑里脏事多。　　大厦难挺千虫蛀，亡国何须敌寇来。　　戏女情　　将士浴血工商壮国通通不如戏女获封侯　　将士浴血志难酬，工商壮国亦含羞。　　轻歌一曲金万贯，多少戏女获封侯.　　自写 　　天生孤独散慢骄,岌岌无名无人瞧.　　不问诸侯寻富贵,只识渔樵天涯行。　　自勉　　落魄江湖四十秋，似有大悟慰余生。　　不需朝堂展鸿志，自有诗词燃激情。　　贪官写真　　出差旅途伴上差，交谈泛泛映轻浮。　　做官无需才八斗，谄媚奴仆最适宜。 　　戏女情 　　　伶女旋身花闭蕾，嗲音酥麻百鸟羞。　　盛装惊艳摄人魄，一人功勋抵一城　　戏女情　　戏里贞妇戏外娼，处处红楼倚翠芳。　　伶女一笑坚兵软，何须秣马戍边疆。"
135945371,http://bbs.tianya.cn/post-stocks-2170530-1.shtml,神创何时6000点？,红尘小石头,2020-03-19 18:33:01,98,3,时不时算上一卦，看看神创何时6000点。
136884739,http://bbs.tianya.cn/post-1151-91605-1.shtml,周三复盘分析及热点板块点评,子琪论市,2020-03-18 19:15:57,174,0,下面简单的给大家分析下今天的热点　　5G大科技： 300576容大感光 300293蓝英装备 江化微603078 300265通光电缆 002261拓维信息 300698万马科技 300373杨杰科技 600667太极实业　　点评：科技股今日冲高回落该板块分支多，要多做基础工作挖掘好，龙头300265再次强势涨停，但午后大多个股冲高大幅回落，科技股操作的节奏要好，近期疫情影响大，建议关注前排龙头，或者止跌明显个股，跟随大势操作，可以逢低关注 容大感光 蓝英装备 通光电缆 杨杰科技 拓维信息，最近科技股处于反复筑底中，除了前排外，其他个股当日大幅放量卖出为主，回踩尺度线支撑买入　　充电桩 300713英可瑞 603050科林电气 300499 高澜股份 002922伊戈尔 002358森源电气 300491通合科技，　　点评，充电桩板块算是特高压的一个分支，今天前排个股强势上涨，投资者也要重点关注前排个股，特别是一些放量突破关键位置的个股，可以重点关注 英可瑞 科林电气 高澜股份 伊戈尔 森源电气　　医药，300485赛升药业 002603以岭药业 000739普洛药业 002107沃华医药 天坛生物600161 002007华兰生物 300294博雅生物 000518四环生物 科华生物002022　　点评：该板块整体受益疫情今年业绩都会很好，加上技术形态配合以及年后这波大多调整，现在调整后开始启动，要密切关注，沃华医药 博雅生物 四环生物　　土地流转，永安林业00663 600108亚盛集团 600515海航基础 002556辉隆股份 601952海泰发展 000537广宇发展 601118海南橡胶　　点评：该板块近两日跌幅较大，前排龙头连续大涨后开始放量出货，考虑到大盘目前的形态，整体非主流，炒作不起来，前两日强势的前排龙头对该板块也带动不了，持股该板块个股的朋友，注意30天线支撑，破位可能会有反抽，等回落到这个位置看下是否有机会。　　通信板块：国脉科技 002093 600498烽火通信 002194武汉凡谷 300025华星创业 000682东方电子 600271航天信息 600804鹏博士　　点评：5G大基建是今年的主流趋势，但年后该板块大多涨幅在百分之50，作为大基金建仓标的现在买确实贵了，先调整年初涨幅的一半再说，对于板块个股，建议大多个股等跌至年线再看，调整周期看1个半月到2个月，1个月下跌，1个月筑底才有大机会。　　再次重申实盘操作瞬息万变，投资者更需要根据盘中的变化做好买卖决策，既然是短线，那就要有短线的思路和对待方法，特别是当前国际行情波动很大，操作不留心不说利润，本金还可能亏损。昨天提示关注的太极实业 用友网络 国科微，容大感光，今天都是获利的，太极获利7个点 用友获利6个点，容大今天一字涨停，国科微小赚3个点。，盘中精彩。祝大家大赚！炒股不容易，养家更不易，大家干好本职工作的同时放松心态，我们慢慢来，牛散专业短线，更多分析关注盘中直播！
118115036,http://bbs.tianya.cn/post-free-5995914-1.shtml,迈克尔.杰克逊为什么伟大呢?,赛_典_赤,2018-11-05 18:00:40,1019,16,"USA《时代》杂志评选出来的百年地球十大文化偶像之首------流行音乐之王-----黑人迈克尔·杰克逊。　　第一条：恢复被玷污的名誉　　娈童诉讼　　　　2003年杰克逊为娈童案出庭　　1993年9月，一名12岁的男童公开控告杰克逊对其实施性侵犯，对此杰克逊始终否认，双方在第二年1月达成了庭外和解，但此时外界的舆论已经让杰克逊的形象严重受损，事业也陷入低谷  。　　2003年，又有一位男童状告杰克逊对他实行“猥亵”。2004年4月22日，杰克逊被控以阴谋罪、猥亵儿童罪等10项重要罪名。经过长达一年多的调查取证，2005年6月，针对迈克尔·杰克逊的全部指控都被裁定为“无罪”  。随后杰克逊搬离了美国，并且从那以后就再也没有进入过梦幻庄园生活 [34]  。杰克逊表示，为了避免让自己再被公众仇视，他今后将不会再和孩子们有亲密举动 [31]  。　　2009年6月26日，恋童案真相大白，当年事件的主人公Jordy Chandler 在博客中发表声明，他在得知迈克尔·杰克逊的死讯后再也无法继续谎言，向迈克尔·杰克逊道歉。他承认指控纯属捏造，他是为了父亲才撒谎的，而他的父亲则是为了摆脱贫困的生活而制造了这个骗局，而后 Jordan Chandler 的父亲吞枪自杀。　　第二条：迈克尔·杰克逊生平　　　　全名：Michael Joseph Jackson　　中译名：迈克尔·约瑟夫·杰克逊 　 其他译名：台湾译名：麦可·杰克森；香港译名：米高积逊　　简称：MJ.　　血型：A型　　星座：处女座　　身高：179cm　　出生日期：1958年8月29日　　出生地点：USA印第安纳州加里市Jackson街21号　　主要音乐风格：新杰克摇摆舞曲，俱乐部舞曲，流行/摇滚，摩顿黑人音乐，都市流行，放克，节奏布鲁斯　　主要歌唱特色：假声，痉挛，活力，热情，伤感，警醒，快乐，自信，丰富，时髦，真诚，盛典，神秘，口技　　主要舞蹈风格：机械舞、踢踏舞、霹雳舞、现代舞、太空步（Beat It、Billie Jean、We Are the World、You Are Not Alone、Thriller、太空步）　　第三条：黑种人、白种人、黄种人共同的偶像　　4张个人专辑 创造一个时代　　1982年第1张个人专辑唱片《离开大墙》，发行量1300万张。1987年，第2张个人专辑《真棒》发行。1991年岁末推出第3张专辑唱片《危险》。1995年，推出第4张个人专辑《历史：过去、现在和未来》。　　第四条：迈克尔.杰克逊的十大经典　　01.Thriller　　02.Billie Jean　　03.Beat It　　04.Black or White　　05.We are the world　　06.Heal the World　　07.Earth Song　　08.Bad　　09.You Are Not Alone　　10.man in the mirror　　第五条：迈克尔·杰克逊遗嘱　　“流行天王”迈克尔·杰克逊2002年订立的遗嘱2009年7月1日正式呈送洛杉矶高等法院备案。遗嘱声明，全部财产交付一个信托基金，他的母亲获得三个子女的监护权，而前妻黛比·洛尔则一无所获。　　这份遗嘱共分五页，由迈克尔·杰克逊于二00二年七月七日订立，迈克尔指定他的律师约翰·布兰卡、音乐制作人麦克兰和会计师西格尔为遗嘱执行人。目前这份遗嘱由律师保存，他计划在杰克逊去世三十天内将遗嘱送交法庭。迈克尔在遗嘱中声明，他的全部财产(当时估计超过五亿美元)交付“迈克尔·杰克逊家庭信托基金”，并指定他的母亲凯瑟琳·杰克逊和三名子女为遗产受益人。迈克尔的父亲乔·杰克逊不在受益人名单中。据悉，父亲乔之所以不在受益人之列，是因为他曾在杰克逊小时候对他使用暴力。迈克尔在遗嘱中特意强调：她的前妻黛比·洛尔不能继承任何遗产。　　在子女监护权方面，迈克尔在遗嘱中说：“当前我有三名孩子，除此之外，我没有任何其他的子女。”迈克尔指定母亲凯瑟琳·杰克逊为三名未成年子女的监护人，如果凯瑟琳去世或不愿承担监护权，则由戴安娜·罗斯(美国黑人女歌手)担任子女监护人。　　　　以下为杰克逊遗嘱全文中文翻译：　　迈克尔·约瑟夫·杰克逊遗嘱　　我是迈克尔·约瑟夫·杰克逊(MICHAEL JOSEPH JACKSON)，是美国加利福尼亚州居民，我宣布这是我的遗嘱，并在此宣告以前所有由我签署的遗嘱作废。　　第一部分　　我宣布我目前单身。我和前妻黛比·洛尔（DEBROAH JEAN ROWE JACKSON）的婚姻已解散。我有三个还在世的孩子，普林斯·迈克尔·杰克逊(PRINCE MICHAEL JACKSON, JR.)、巴里斯·迈克尔·凯瑟琳·杰克逊(PARIS MICHAEL KATHERINE JACKSON)和普林斯·迈克尔·杰克逊二世(PRINCE MICHAEL JOSEPH JACKSON,II.), 我没有其他的在世或已去世的孩子。　　第二部分　　我将借此遗嘱处理我名下的所有遗产。　　第三部分　　我将我的全部财产受托于2002年3月之前由我修订的“迈克尔·杰克逊家庭信托基金”（MICHAEL JACKSON FAMILY TRUST），我生前对该基金所有条款的修订都有效。所有资产应根据信托基金条款继续管理和分配，而不是作为一个单独的遗嘱信托。　　如果因为任何原因遗嘱无效，我把我的剩余资产受托于2002年3月修订前的“迈克尔·杰克逊家庭信托基金”（MICHAEL JACKSON FAMILY TRUST），我直接表明，基金受托人按照规定划分、管理、持有和分配资产。以上信托基金条款在本遗嘱签署以后将不接受任何修订。在条款中的基金受托人或任何继任受托人无牵连关系。　　第四部分　　我申明，所有联邦遗产税和继承税由我的“迈克尔·杰克逊家族信托基金”的资产支付，不包括在上述基金资产的遗产税和继承税，将不由本信托基金支付。　　第五部分　　我任命约翰·布兰卡(JOHN BRANCA)，约翰·麦克莱恩(JOHN MCCLAIN) 和巴里·西格尔(BARRY SIEGEL)为遗嘱共同执行人。如果遗嘱共同执行人出现死亡、辞职、残疾，不能或拒绝担任共同执行人，其他的共同执行人可以替换。在我死后，如果三位遗嘱共同执行人都不能再执行下去时，可以任命其他人替代。　　在本遗嘱，“我的遗嘱执行人”表示代理执行我个人遗产的任何人。涉及的任何执行人没有牵连关系。　　在此，我给与我的遗嘱执行人充分的权利，他们可以在任何时候出售、出租、抵押、质押、交换或以其他方式处置资产，无论是不动产还是个人资产。　　在条款规定下，执行人可以运营资产、购买资产、支付保险费（包括人寿保险），以及任何处于以上目的和有根据的作出的关于资产的抵押，变卖或投资。此外，我给与我的遗嘱执行人充分的权利，他们有权利投资房地产基金或资产，或者任何其他资产，包括任何个人或者混合资产，还可以投资公司债券、股票、优先股或者普通股，但也并不限制于此。并且可以参股投资公司、基金或者遗嘱执行人名下的公司，这些投资都需要谨慎判断。　　第六部分　　除上述遗嘱条款中和第三部分排除的遗产继承人外，我特意排除一位我的遗产继承人，就是我前妻：黛比·洛尔（DEBROAH JEAN ROWE JACKSON）。　　第七部分　　在我死亡后，依照加利福尼亚州相关法律规定需要对我所属资产进行辅助管理，那么由“我的遗嘱执行人”执行相关条款。我在此指定执行人具备额外的行使权利：有权利决定何时处置资产、何时结束处置；有权利决定什么资产被处置；有权利直接为加利福利亚州以外的辅助执行人支付需要费用，如税收、开支和管理费用，还包括辅助执行者的养老金和由于管理资产产生的律师费用；辅助执行者有权分配、转让和交付剩余财产给加利福利亚州的遗嘱执行者。我的意图是我的全部财产应作为一个整体管理，遗嘱执行者应按照当地法律和其他管理规定，管理和处置我的遗产。　　第八部分　　如果我在子女未成年时去世，那么我指定我的母亲，凯瑟琳·杰克逊作为三名子女的监护人。如果凯瑟琳·杰克逊去世或不愿作为监护人，则指定戴安娜·罗斯作为房屋和三名子女的监护人。　　签署生效：迈克尔·约瑟夫·杰克逊 2002年7月7日　　注明：以上条款声明均由迈克尔·约瑟夫·杰克逊本人发表。此份遗嘱共5页，迈克尔·约瑟夫·杰克逊指定我们作为见证人，对其遗嘱进行监督和实施。　　根据伪证处罚法，迈克尔·约瑟夫·杰克逊符合年满18周岁，头脑健全，并在没有在任何胁迫，威逼；欺诈和虚假的不正当情况下完成遗嘱。上述所有条款均是真实有效。　　以下为杰克逊遗嘱英文全文：　　LAST WILL OF MICHAEL JOSEPH JACKSON　　I, MICHAEL JOSEPH JACKSON, a resident of the State of California, declare thisto be my last Will, and do hereby revoke all former wills and codicils made by me。　　I　　I declare that I am not married. My marriage to DEBORAH JAN ROWE JACKSON has been dissolved. I have three children now living, PRINCE MICHAELJACKSON, JR., PARIS MICHAELKATHERINEJACKSON and PRINCE MICHAEL JOSEPHJACKSON,IT.I have no other children，living or deceased　　II　　It is my intention by this Will to dispose of all property which I am entitled to Dispose of by will. I specifically refrain from exercisingaU150wersof appointment that I may possess at the time of my death。　　III　　I give my entire estate to the Trustee or Trustees then acting under that certain Amended and Restated Declaration of Trust executed on March 22, 2002 by me as Trustee and Trustor which is called the MICHAEL JACKSON FAMILY TRUST, giving effect to any amendments there to made prior to my death. All such assets shall be held, managed and distributed as a part of said Trust according to its terms and not as a separate testamentary trust。　　If for any reason this gift is not operative or is invalid, or if the aforesaid Trust fails or has been revoked, I give my residuary estate to the Trustee or Trustees named to act in the MICHAEL JACKSON FAMILY TRUST, as Amended and Restated on March 22,2002, and I direct said Trustee or Trustees to divide, administer, hold and distribute the trust estate pursuant to the provisions of said Trust, as hereinabove referred to as such provisions now exist to the same extent and in the same manner as though that certain Amended and Restated Declaration of Trust, were here in set forth in full, but without giving effect to any subsequent amendments after the date of this Will. The Trustee, Trustees, or any successor Trustee named in such Trust Agreement shall serve without bond。　　IV　　I direct that all federal estate taxes and state inheritance or succession taxes payable upon or resulting from or by reason of my death (herein ""Death Taxes"") attributable to property which is part of the trust estate of the MICHAEL JACKSON FAMILY TRUST, including property which passes to said trust from my probate estate shall be paid by the Trustee of said trust in accordance with its terms. Death Taxes attributable to property passing outside this Will, other than property constituting the trust estate of the trust intentioned in the preceding sentence, shall be charged against the taker of said property。　　V　　I appoint JOHN BRANCA, JOHN McCLAIN and BARRY SlliGEL as co-Executors of this Will. In the event of any of their deaths, resignations, inability, failure or refusal to serve or continue to serve as a co-Executor, the other shall serve and no replacement need be named. The co-Executors serving at any time after my death may name one or more replacements to serve in the event that none of the three named individuals is willing or able to serve at anytime。　　The term ""my executors"" as used in this Will shall include any duly acting personal representative or representatives of my estate. No individual acting as such need post a bond　　I hereby give to my Executors, full power and authority at any time or times to sell, lease, mortgage, pledge, exchange or otherwise dispose of the property, whether real or, personal comprising my estate, upon such terms as my Executors shall deem best, to continue any business enterprises, to purchase assets from my estate, to continue in force and pay insurance premiums on any insurance policy, including life insurance, owned by my estate, and for any of the foregoing purposes to make, execute and deliver any and all deeds, contracts, mortgages, bills of sale or other instruments necessary or desirable therefor. In addition, I give to my Executors full power to invest and reinvest the estate funds and assets in any kind of property, real, personal or mixed, and every kind of investment, specifically including, but not by way of limitation, corporate obligations of every kind and stocks, preferred or common, and interests in investment trusts and shares in investment companies, and any common trust fund administered by any corporate executor hereunder, which men of prudent discretion and intelligence acquire for their own account。　　VI　　Except as otherwise provided in this Will or in the Trust referred to in Article III　　hereof, I have intentionally omitted to provide for my heirs. I have intentionally omitted to provide for my former wife, DEBORAH JEAN ROWE JACKSON。　　Ⅶ　　If at the time of my death I own or have an interest in property located outside of the State of California requiring ancillary administration, I appoint my domiciliary Executors as ancillary Executors for such property. I give to said domiciliary Executors the following additional powers, rights and privileges to be exercised in their sole and absolute discretion, with reference to such property: to cause such ancillary administration to be commenced, carried on and completed; to determine what assets, if any, are to be sold by the ancillary Executors; to pay directly or to advance funds from the California estate to the ancillary Executors for the payment of all claims, taxes, costs and administration expenses, including compensation of the ancillary Executors and attorneys' fees incurred by reason of the ownership of such property and by such ancillary administration; and upon completion of such ancillary administration, I authorize and direct the ancillary Executors to distribute, transfer and deliver the residue of such property to the domiciliary Executors herein, to be distributed by them under the terms of this Will, it being my intention that my entire estate shall be administered as a unit and that my domiciliary Executors shall supervise and control, so far as permissible by local law, any ancillary administration proceedings deemed necessary in the settlement of my estate。　　Ⅷ　　If any of my children are minors at the time of my death, I nominate my mother, KATHERINE JACKSON as guardian of the persons and estates of such minor children. If KATHERINE JACKSON fails to survive me, or is unable or unwilling to act as guardian, I nominate DIANA ROSS as guardian of the persons and estates of such minor children。　　I subscribe my name to this Will this 7 day of July, 2002　　MICHAEL JOSEPH JACKSON　　On the date written below, MICHAELJOSEPH JACKSON, declared to us, the undersigned, that the foregoing instrument consisting of five (5) pages, including the page signed by us as witnesses, was his Will and requested us to act as witnesses to it. He thereupon signed this Will in our presence, all of us being present at the same time. We now, at his request, in his presence and in the presence of each other, subscribe our names as witnesses。　　Each of us is now more than eighteen(18) years of age and a competent witness and resides at the address set forth after his name。　　Each of us is acquainted with MICHAEL JOSEPH JACKSON. At this time, he is over the age of eighteen(18) years and, to the best of our knowledge, he is of sound mind and is not acting under duress, menace, fraud, misrepresentation or undue influence。　　We declare under penalty of perjury that the foregoing is true and correct。　　Executed on July 7th, 2002 at 5:00pm, Los Angeles　　第六：迈克尔·杰克逊突出贡献　　迈克尔·杰克逊（1958.8.29-2009.6.25）（Michael Jackson）被誉为流行音乐之王（the King of Pop），是继猫王之后西方流行乐坛最具影响力的音乐家,其成就已超越猫王，是出色的音乐全才，在作词，作曲，场景制作，编曲，演唱，舞蹈，乐器演奏方面都有着卓越的成就。迈克尔与猫王、披头士两组歌手并列为流行乐史上最伟大的不朽象征，他开创了现代MTV，他把流行音乐推向了巅峰，他融合了黑人节奏蓝调与白人摇滚的独特的MJ乐风，时而高亢愤疾、时而柔美灵动的声音，空前绝后的高水准音乐录影，规模宏大的演唱会无不在世界各地引起极大轰动. 他拥有世界销量第一的专辑《THRILLER》，销量达1.04亿（2006年吉尼斯世界纪录认证数据）。据2006年底统计，其正版专辑全球销量已超过7.5亿，被载入“吉尼斯世界记录大全”。他是音乐史上第一位在美国以外卖出上亿张唱片的艺术家。他魔幻般的舞步更是让无数的明星效仿。2006年，吉尼斯世界纪录颁发了一个最新认证：世界历史上最成功的艺术家！ 他一个人支持了世界上39个慈善救助基金会，保持着2006年的吉尼斯世界个人慈善纪录，是全世界以个人名义捐助慈善事业最多的人。他患有白癜风皮肤病，皮肤呈白色. 　 有人说迈克尔杰克逊是一个神奇的怪物，浑身上下充满了一股神秘的力量，在音乐响起时他的节奏能带动全世界的脉搏。至今全世界仍有上亿歌迷。"
136697926,http://bbs.tianya.cn/post-828-1562974-1.shtml,无法无天，山东省临沂市费县薛庄镇通太庄村丰新华,高秀兵2018,2020-03-19 19:16:10,272,0,通太庄村丰新华把好好的土地损坏，把土拉洗沙，已经违犯土地管理法的规定，丰新华洗沙设备在通太庄村西，村果园里面按着胆大包天，损坏土地近5亩多，洗的沙随时卖掉，村民打过12345电话，可无结果，希望政府对这样损坏土地的行为以法办事，严肃处理，现在给社会造成极坏影响，希望政府早日尽快追究，不然土地损坏越来越多，这种行为政府不可能不追究吧？？？
141895265,http://bbs.tianya.cn/post-stocks-2167215-1.shtml,外卖小哥的自我修养，一万实盘纵横A股,戒赌吧老哥来打板,2020-02-06 17:40:22,1063,53,一楼送天涯，二楼开始哭惨。
107020459,http://bbs.tianya.cn/post-1151-91604-1.shtml,在上海办美国签证目前的时间看我能给你预约到什么时候？,zm1182328722,2020-03-18 16:05:22,151,0,"在上海办美国签证目前的时间看我能给你预约到什么时候？　　　　美国签证部作为业内唯一的只专注于美国签证申请服务的部门，每年获签数超过年达到近9000，签证通过率超过95%，积攒了庞大的签证案例库及签证经验，秉承一对一的专业签证思路及问答设计，科学合理的签证服务，保证了大多数申请人可以顺利圆梦美国。同时需要告诉赴美签证申请人，美国签证是否能够通过，是一个综合的结果，包含申请人合理必备的材料，准确而详细的签证方案设计，自身工作背景和出入境背景情况都有密切的关系，切不可大意，如果不幸被拒签，切不可盲目签证，必须找到这次拒签的原因再次申请签证，希望大家都能顺利获得美国签证，开启自己的美好之旅。中信银行代理美国签证续签一般要25-30个工作日才会有结果，需要银行系统之间逐一递交。并且统一在广州使馆审理，无论从数量上还是距离上导致申请人在美签免面签的速度上收到影响。当然如果有的申请人出行时间已订好，或者时间紧张使馆也有加急处理需要有特殊情况，例如：奔丧、或者亲人病重、重要商务会议等。　　每年快到暑假的时候是美国学校毕业典礼比较集中的时间,在美读书的孩子会提前给自己国内父母发出邀请函希望父母和其他家人能抽出时间一起来美国和自己一起感受光荣而神圣的时刻。当然父母也希望能够亲自去美国参加孩子的毕业典礼，一方面，可以看看孩子在美国生活和学习的环境;另一方面，可以在美国的各处景点旅游一番也是不错的体验。"
142024955,http://bbs.tianya.cn/post-1190-8450-1.shtml,人类的救世主——宇宙能量妈妈,缘空先生,2020-03-19 19:10:09,19,3,。。。。。。。。。。。
141376671,http://bbs.tianya.cn/post-828-1561921-1.shtml,"天有眼惩罚孙小果, 何无天不看看兰州黄永新勾结公安持枪参与杀人命案",行走在黎明前,2020-02-18 15:34:52,1067,1,盼正义光芒！祈盼扫黑除恶运动实质性落实斗争，关注兰州市黑社会勾结公安人员持枪参与杀人案二十六年不了了之！　　中央号召扫黑除恶斗争 ，全国展开轰轰烈烈维护社会秩序，打倒黑恶势力，陆续抓捕了百姓害虫等多恶魔！百姓拍手叫好又感谢！悲哀的2019年10月19日兰州的司法天气仍笼罩着荫霾，有确凿证据证明还继续掩盖93年黑社会组织“义务自卫队成员”黄永新为首勾结兰州两名公安人员持枪闯入民宅杀死许仙凤一案，仍受金钱和权力的搅拌欲盖弥障。受害人家属二十六年投诉依旧无门。荫瞒庇护来头人士违法乱纪贪赃枉法草管人命，冤死许仙凤其丈夫赵佰友告状无门，任平民呼天喊地不算什么！损政府威信，无法无天百姓心寒！呼吁高层领导国家机器堤溃蚁孔，望引以为戒！　　以下赵佰友经历亲述，身份证号330323196407284514。　　由于有两名公安人员参与做案，一个明确简单的案件，仍被梗阻真相无法侦破解决，变得如此复杂艰难！，要想讨回公道比登天还难，再终还是被黑恶势力梗阻干扰不了了之。（案件详情及上诉材料甘肃省公检法都有档案，在此不再赘述）　　案由：1993年8月31日夜发生在兰州市城关区进广路3号赵佰友家，黑社会为首黄永新勾结两名公安人员，持枪参与敲诈勒索未遂为报复杀人案，我和案犯们互不认识毫无仇隙（其案犯们在8月31日下午两点左右来过被害人家为敲诈，受害人不在家未见上面，傍晚17点右右又来被害人家，曾威胁过被害人出钱，被害人未答应给钱)，晚上21点30多分左右他们为报复教训被害人，深夜闯民宅入寝室打伤两人杀死一人（伤赵佰友.伤许先多.死许先凤）案发后万成培等罪犯抓获，几天后我到公安分局要求政府处理本案，分局回复说：全部案犯在逃无法抓获。经我打听后才得知七日后万成培被万成伦取保释放，被公安分局刑警队长李宗锋批准取保候审释放，（今李宗锋晋升甘肃省公安厅副厅长）而且不候审，担保人又是案犯嫌疑人万成伦。其它案犯一直逍遥法外不知其踪，而且兰州公安分局对本案不立案。我要求政府为我做主，还我公道，要求抓捕案犯归案，上仟次向各执法机构告状，一年后在甘肃省人民检察院二处的支持，敦促和协调下才立的案。后因涉牵到有公安人员参与做案就没有正义执法人员为我力挺主持正义解决本案。　　我在兰州和这些案犯们互不认识，又无仇隙，毫无瓜葛，无辜蒙冤，妻子被黑社会勾结公安人员为敲诈勒索杀害，凶手逍遥法外政府不为民做主，实在不甘心啊！从此我走上了漫长的上访之路，直至市、省各执法机构，及到北京无数次，上访信写了不知其数，终于在1997年将三名案犯万成培，陈炳勇，庄永华重新抓获归案。当时城关公安分局说本案主犯黄岳青和黄永新在逃无法抓获无法破案。后有乐清市石帆镇朴湖村人陈炳权将黄岳青扭送到乐清市公安局，交兰州市城关区公安分局，但兰州市城关公安分局审理后释放了黄岳青，说本案是黄永新所为，和黄岳青无关。　　其真实原因是本案牵扯到公安人员参与做案不能破案，只能羁押三名罪犯直到1999年，兰州市中级人民法院（1999）兰刑一初字第137号葫芦僧审判糊涂案的判决，判陈炳勇三年，判万成培七年（万成培前科92年杀死陈碎顺不了了之，至今陈父仍告状无门），判庄永华死缓。　　当庄永华在法庭上众目睽睽供认有公安人员参与做案，无执法部门为我力挺主持正义追查追究。法庭上庄永华原话：我北京来兰州准备去靖远，在兰州碰到万成培，万成培告诉我，我们晚上去一个地方敲点钱，我问万安全吗，万告诉我，我们的头头安排好两名公安同去保证安全，但在赵佰友家里逃出来时，在门口被一位持枪的人拦住，被一位一起逃的人说了一声是自己人才放我跑。”可在法庭上众多人的面供认。我艰辛的告状这么多年仍不了了之。我不服（1999）兰刑一初字第137号，甘肃省高级人民法院（2000）甘刑终字第60号仍维持原判。继续上告，执法部门对其他案犯仍逍遥法外置之不理。　　接下来执法部门就推诿说案犯“前正”和黄永新在逃无法抓获，我所上诉的有两名公安人员持枪参与做案，无执法部门受理。我曾向甘肃省日报登过内参，锲而不舍地向市、省、北京中央这么多年一直在上告，从一个并不算富余的小商人，直到家破人亡，倾家荡产债台高筑。　　在十八大后中央要求反腐败清积案的运动下，2013年兰州市城关区公安分局为销此案，派两位警官到我家，其一位雷警官说要和我沟通一下，说一定为你案把黄永新和“前正”抓获归案，其判决是法院的事了，2013年终于将黄永新抓获归案。　　然后：兰州市中院（2014）兰刑一初字第45号的判决又是不公，我不服向上上诉，省高院（2014）甘刑一终字第123号又维持原判，原判决法院认为：被告黄永新伙同他人闯入被害人家中，故意伤害并致人死亡，其行为已构成故意伤害罪，在共同犯罪中应系主犯。考虑到被告人黄永新带领他人去找被害人的初衷是去商谈化解矛盾，但到达现场后众人拾砖闯入的行为超出了其本意，虽认定为主犯，但有别于其他纠集的主犯，且致死被害人的行为系庄永华所为，故应根据被告人黄永新犯罪的事实，犯罪的性质、情节及危害程度依法判处。同时，鉴于被告人黄永新有自首情节，其亲属主动代为赔偿附带民事诉讼原告人经济损失，被告人有悔罪表现，可依法减轻处罚，判五年，赔偿肆万壹仟柒佰贰拾壹元伍角。这样的判决实在令我难以心服啊，（甘刑一终字第123号判决适用法律不当，认定罪名错误，对罪犯做案动机和杀人目的遗漏，在案发当天下午2点左右来过我家，未碰上面，傍晚17点左右又来恐吓过我，我和他们毫无仇隙又无瓜葛，明明他们在兰州等多地欺压敲诈百姓，是借口矛盾向对方敲诈贯用叫板的套路，犯罪们对情节抗拒荫瞒，且黄永新和万成培等人在老家就是黑社会组织“义务自卫队成员”，黄永新和同案犯互相不认识之说法院采纳，是太不正确的执法）这样也太玷污法律，太不符合情理没有逻辑，我要求纠正错误判决，无执法受理。　　而且一位检察官给我回复；公安部门不抓案犯我们无法，案犯们不承认我们也没法。法律显得如此苍白无力，那么公安杀人犯法谁来管呢！　　今申请要求执法部门维护正义破案，将“前正”及两名持枪参与的公安人员绳之以法。特别是盼望正义之人问心无愧公正地重新审理本案，查清种种情况是否存在欲盖弥障之嫌？特别要求依《刑事诉讼法》第二百四十一条之规定上诉，抓捕案犯“前正”归案，逮捕黄永新归案再审，可澄清公安人员持枪参与做案之嫌，可以审清案情真相。　　其疑问及证据如下：　　（1）案发后为什么万成培取候审释放？而又不候审？　　（2）为什么又是万成伦为担保人？　　（3）万成伦曾在案发当天去过受害人家，恐吓过受害人拿钱出来了之。（无执法过问）　　（4）为什么上述情况赵佰友向公安机关多次告状不受理，难道没有猫腻之嫌吗？　　（5）为什么案发后兰州城关区公安不立案，赵佰友头部受伤，许先多胸部刀伤及多处软组织受伤，公安为何不取证？对案犯逍遥法外又置之不理，要在省检察院的敦促协调下才立案？　　（6）房东徐学义及众多邻居目睹两名拿枪公安在现场声称：“我们是公安局的，是来抓坏人的，亮了一下证件”（有邻居们联名证明）　　（7）公安用枪顶住许先多的脑袋，那么拿枪的是什么人呢？为什么公安不做笔录呢？　　（8）为什么公安分局说本案主犯是黄岳青和黄永新在逃无法抓获，将黄岳青抓获了又说是主犯黄永新所为，和黄岳青无关。2013年将黄永新抓获了，执法部门又说主犯黄永新和同案犯互相不认识？互不认识的人会一起去杀人做案吗？身为执法者做出如此荒唐的结论，难道不违心吗，为欲盖弥障要受害者把冤魂带进坟墓，你们的良心很安吗！　　（9）兰州市检察院（1999）063号起诉书公认的案犯“前正”。为什么至今还要逍遥法外？2013年雷警官承诺的要抓获归案，今为什么不抓他要让逍遥法外，是否怕抓获“前正”就露出了两名持枪参与的公安？是否怕牵扯出败露营私舞弊欲盖弥障？　　（10）主犯黄永新有组织有预谋的闯民宅入室杀人犯，只判五年，赔偿五万元，还可以减刑提前释放，这样的判决公平公允吗？　　（11）原审法院判决认为：黄永新在共同犯罪中应系主犯，但有别于其它纠集的主犯。为什么对有别于其它纠集的主犯要欲盖弥障？　　（12）案犯黄永新当天下午来过赵佰友家敲诈恐吓过赵佰友，赵佰友也给他道歉说过好话了。（案卷第2卷69—75页，黄永新婶婶黄岳青妻徐兰珠笔录可证）但黄永新抗拒不承认。那么做案的动机和目的是什么呢？法院不事实又漠糊的判决为什么不纠正呢？我赵佰友举证你们雄辩不承认，那徐兰珠是黄永新的婶婶笔录不是铁的证据吗。　　（13）黄永新堂房叔叔和周阿程等人受两名参与做案的公安人员指使，来赵佰友家谈私了，以钱权压法，我不同意没拿他们钱一分毫。（有证据要求调查）　　（14）原审法院认为：黄永新有自首情节，其家属主动代为赔偿附带民事原告人的经济损失。那么为什么要等二十一年公安局追到他家后，为失车保帅才出来自首。这样以权势压法欺压受害人家属，就叫被告黄永新家属主动代为赔偿受害人家属经济损失吗？　　(15)（2014）甘刑一终字第123号判决书第9页，15项，同案犯万阿培（别名万成培）供述，1993年8 月份的一天，我和“永华”，“前正”一起到兰州找到表哥万成伦，在万成伦家里碰到黄永新，然后一起去做案。　　2019年10月19日兰州市城关区公安分局信访科赵警官（两位女警官），受上司特派前来我家，给本案作回复答疑释法，要求我消除心中的疑虑罢告。她们以没有逻辑，不符合情、法、理地雄辩回复，没有解释我上述多项问题。　　警官大人对主犯黄永新和同案犯互相不认识之说。如此解释：是临时起意所以不认识。　　疑问：法院即认定是主犯，为什么主犯和同案犯会互相不认识，临时起意？如不认识的人会一起去杀人做案吗？那么案犯杀人动机和做案目的是什么，为什么不能摆上桌面大白天下？　　警官大人没作解释。　　疑问：荒唐的判决称：黄永新他们去赵佰友家为商谈化解矛盾。我和黄永新有什么矛盾需要化解？他们是公安调解员吗？那么多流氓恶棍悄悄地夜闯民宅？一腿踢开房门，一进来不到3分钟就打杀死被害人，将受害人致死了。今执法掩盖有公安参与做案的真相，再编造去商谈化解矛盾来开脱罪行吗？　　警官大人给我解释：你说的有遗漏的也只是法院管的问题，和我们公安局没关系，有遗漏只是判刑重一点，就是多判几年对你又能怎么样！　　悲哀啊！我们的国家完了呀，明知掩盖案情轻判以封口的猫腻，无正义人士主持公道，不惜失去我们共产党的威信形象呀，要欺压百姓受此劫难不得昭雪！我国法律任这样例子长此下去，将国之不国，百姓的苦难呀！　　疑问：案犯临时起意干什么去？我和案犯们互不来往，毫无仇隙，难道欺压杀人不犯法吗？　　警官大人没有给我解释！　　疑问：杀人罪犯取保候审释放又不候审，难道没有猫腻之嫌吗？　　警官大人给我解释：是万成培吸毒有生命危险才取保。　　我疑虑啊！我国的法律对一个吸毒又恶贯满盈有前科（曾92年杀死陈碎顺）的罪犯，应该取保侯审释放，又不候审放之让他继续危害社会！悲哀的还多么应当啊！　　疑问：对案犯“前正”为什么还逍遥法外。　　警官大人最后没为我解释。　　今要求中央领导关注，中央纪委监委，最高人民法院，最高人民检察院，及甘肃省检察院，省纪委，政法委主持社会秩序，维护法律尊严落实立案查办再审，今只能要求抓捕“前正”归案，逮捕主犯黄永新再审，澄清事实！查清本案真相给受害人家属回复，还受害者许仙凤九泉之下瞑目，赵佰友全族人衷心感谢、没齿难忘！　　控诉人：赵佰友、赵秀秀、 许先多、许仁兴，王直琴　　2019年2月8 日 电话13695870507
86824824,http://bbs.tianya.cn/post-free-4612255-1.shtml,云南十九怪——上下级法院联合起来造假案(转载),腐败者在劫难逃,2014-09-03 20:42:00,8069,976,"云南十九怪——上下级法院联合起来造假案　　楼主：冤民悲伤成河 时间：2014-08-22 21:42:06 　　云南省的冤假错案为什么会有这么多　　云南十九怪——上下级法院联合起来造假案。话说云南省的冤假错案为什么会有这么多？因为云南省上下级法院的法官联合起来造假案，明目张胆的制造冤假错案，肆无忌惮的枉法裁判，而云南省检察院作为国家的法律监督机关，不仅不去查处，反而包庇、纵容这些犯罪分子，为虎作伥、助纣为虐、执法违法，失职渎职。法院造假，检察院支持，法院和检察院已经不是在执法为民、为民司法，而是在“为人民币司法”，老百姓（冤民）还有什么希望呢？弱势群体还能到哪里去讨公道呢？这样糟糕的司法环境，冤假错案岂能不多？？？　　常言道：“越穷越见鬼，越冷越刮风。”“屋漏偏逢连夜雨。”这些话说的一点也不假，想当初，受害人王女士到侵权人覃忠瑜家开的理发店消费受到意外伤害而造成左耳耳膜穿孔；在治疗过程中又遭到云南省红河州第三人民医院耳鼻喉科主任后群专家的故意伤害（后群这个享受政府特殊津贴的医学专家丧失医德丧尽天良灭绝人性偷梁换柱擅自用鸡蛋膜代替耳后筋膜为王女士做耳膜修补手术，造成王女士的耳朵化脓感染，留下严重的后遗症和并发症，不得不把王女士转到省城大医院重新做手术，让王女士受了多少冤枉罪）；治疗终结后，受害人王女士与侵权人覃忠瑜协商赔偿事宜未果而向云南省个旧市人民法院起诉，要求赔偿，云南省个旧市人民法院的赵丽萍（本案一审的主审法官）不负责任、滥用职权、胡乱判案，判决极不公正，像打发叫花子似的只判了一千元的精神损害抚慰金给受害人，受害人的好多合理诉求得不到支持，受害人王女士（原告人）不服一审判决上诉到云南省红河州中级人民法院，想不到红河州中级人民法院的王丽仙（本案二审的主审法官、审判长）比一审法院的赵丽萍更黑更坏，不仅不纠正一审法院的错误判决，还指责上诉人王女士“你作为上诉方一点也不主动，人家其他那些上诉人上诉后马上就来‘蹦’来‘整’，哪个像你这样······”。王丽仙随心所欲、我行我素、不依法纠错，还叫王女士撤诉，王女士不同意撤诉，王丽仙就装模作样的走走过场，假模假样的开开庭、演演戏，然后稀里糊涂的来个“维持原判驳回上诉”就企图想把受害人打发掉。王女士不服判决又去云南省红河州人民检察院申诉，红河州人民检察院受理立案后，法院那边为了堵住检察院的抗诉和彻底堵塞住受害人的申诉渠道，竟然联合起来炮制出司法史上罕见而又卑劣的枉法裁判案【详细情况敬请各位网友关注受害人王女士发表在各大论坛上的文章：《一场由享受政府特殊津贴医生导演出来的离奇官司》、《两问云南省高院：没有申请再审却再审？立案在后却裁定在前？》、《法官胡裁乱判为何无人管？？？》、《云南省高院违法办案枉法裁判为何无人管？？？》、《请看云南省上下级法院联合起来伪造的天下第一假案》、《鸡蛋修补耳膜引发的离奇官司——潜规则又露狰狞面孔》、《请看云南省人民检察院是如何行使法律监督权的》、《法院纪检监察部门形同虚设》、《关于对云南省高级人民法院法官马俊杰叶红孙勇斌段奕如枉法裁判案问题的举报》、《为人不做亏心事半夜不怕鬼敲门》、《云南省高级人民法院的马俊杰是史上最牛的法官——立案在后却裁定在前》、《史上最牛的医学专家——后群》、《云南的司法腐败已经到了登峰造极的地步了》、《新拍案惊奇》、《云南省红河州第三人民医院耳鼻喉科主任后群是史上最牛的医学专家》、《杀鸡取卵饮鸠止渴——世界上最愚蠢的做法》等，这些帖子发表后到目前为止浏览量已经过亿，真正的是得道多助，大路不平众人铲。】　　云南省红河州人民检察院受理立案审查后曾向云南省人民检察院“提抗”，但令人气愤的是云南省人民检察院不认真履行其法律监督职责， 不仅不依法向云南省高级人民法院提起抗诉，反而以云南省高级人民法院伪造出来的假案作为“法律依据”而终止了受害人申请抗诉的审查，我们不禁要问：法官为了达到不可告人的目的伪造出来的假案具有法律效力吗？如果没有，那为什么云南省人民检察院会以云南省高级人民法院伪造出来的假案将计就计的以一句“因云南省高级人民法院对该案正在审查之中······”就轻而易举、轻描淡写、 不负责任、顺水推舟、“心领神会”地终止了审查。云南省人民检察院曾经信誓旦旦地宣称要向“民事行政枉法裁判开炮”，可为什么说的一套做的一套，当面一套，背后一套，口是心非，阳奉阴违，让民众大失所望，不寒而栗，请云南省人民检察院检察长王田海站出来给全国民众一个解释和说法。　　社会的公平和正义必须依靠法律来维护，这是法律的本质，如果公平得不到维护、正义得不到伸张就根本谈不上社会的和谐与稳定，我国曾经花了几十年的时间不断探索和完善我们的法律体系，而今天的严酷现实告诉我们，仅仅是完善法律体系还远远不够，有法不代表“法行天下”，而真正的法制是建立在社会道德体系之上的，当社会道德正在“堕落”，再完善的法律体系也没有人去执行 ······　　“公平和正义永远是司法追求的宗旨。”如果连执法部门都不按法律法规办事，那法律法规制定了还有什么意义？法律的执行必须具有严密的逻辑性，从而才能让人信服！　　法律的意义在于实现公平和正义。回归生活视觉，公平正义地处理纠纷，对于受害人来说是一种保护，对于侵权人而言何尝不是种解脱？受害人获得应得赔偿，侵权人承担应当责任，双方当事人的利益关系得到妥善处理，从而从矛盾中解脱出来，回复到正常的生活秩序，这正是法律的现实意义所在。但令人大跌眼镜的是，这样一个小小的民事官司，一件很普通的人身损害赔偿案件，最后不可思议地发展成为个人和公权力的抗争；正义和邪恶的较量。云南省红河州第三人民医院耳鼻喉科主任后群、云南省个旧市人民法院、云南省红河州中级人民法院、云南省高级人民法院、云南省个旧市人民检察院民行处科长荣燕（荣燕私自违规调查案件）、云南省人民检察院等全部卷入！为了维护那个侵权人覃忠瑜老板娘家的利益，帮她家减少一点赔偿费用，检、法人员可谓是煞费苦心、绞尽脑汁、竭尽全力、千方百计、想方设法、不择手段、廉耻丧尽、败德丧行、惜指失掌、剑走偏锋、胡作非为、胆大妄为、肆无忌惮、胆大包天、无法无天、欺上瞒下、瞒天过海、利欲熏心、口蜜腹剑、前腐后继、甘之如饴、趋之若鹜，犹如虫蝇之逐臭，饿狗之噬屎，纷纷出谋划策，倾力相助，甚至不惜“肝脑涂地”、践踏法律、蔑视法律、戏弄法律、相互勾结、沆瀣一气、左右联合、上下窜通、同流合污、狼狈为奸、弄虚作假、暗箱操作、恃强凌弱、助恶压善、欺压百姓、胡弄小民,置国家的法律法规于不顾，视法律如儿戏，把法律玩弄于股掌之间，滥用职权，胡乱判案，上演了一幕幕精彩绝伦、荒谬荒唐、龌龊不堪、滑稽可笑、离奇离谱的“司法大戏”,让我们目不暇接、眼花缭乱、大饱眼福、大开眼界······权力和法律的博弈，其贴身肉搏的惨烈程度可以用惊天动地来形容。当然正如好莱坞大片一样，法律在经过生死搏斗后最终会战胜邪恶，以完美的英雄形象出现。　　“两利相权取其重，两害相权取其轻。”是法院和检察院的名誉重要还是覃忠瑜家的利益重要？是检察官和法官的前程重要还是覃忠瑜家的面子重要？为什么这些法官和检察官为了给侵权人覃忠瑜家减少一点赔偿费用就不惜“自毁长城”？难道覃忠瑜家的利益就重如泰山，而法院和检察院的威望和声誉就轻如鸿毛？“重赏之下，必有勇夫。”这些人到底得了覃忠瑜家的多少好处？为什么会如此不顾一切？简直是到了利令智昏丧心病狂的地步！　　司法腐败是造成社会不稳定的主要原因。之所以刹不下去，是因为制度不严，查处不力，威慑不够。加上地方政府官官相护，欺上瞒下，相互遮丑，生怕暴漏问题，影响自己升迁，监督查处不到位，事不关己，高高挂起，使贪官们有空可钻。呼吁全社会为此呐喊，共同努力，形成反腐倡廉的汹涌潮流，洗涤、冲掉祖国和党的肌体上的污垢和顽疾，还社会公平正义，只有这样才能促进社会稳定，减少恶性案件的发生。　　根据刑法第三百九十九条第2款的规定，民事、行政枉法裁判罪，是指司法工作人员在民事、行政审判活动中故意违背事实和法律作枉法裁判，情节严重的行为。也就是说构成枉法裁判罪一是主观上必须出于故意，即有徇私和枉法的直接故意，明知裁判结果违背事实和法律而故意为之；二是存在故意违背事实和法律的行为，也就是行为人为了达到不公正或偏袒一方的裁判结果而作出违法的行为；三是客观方面存在枉法裁判的结果；四是具有情节严重的情形。　　“中央明确要求：解决涉法涉诉信访，各级政法机关的主要领导是第一责任人，分管领导是主要责任人，办案民警、法官、检察官是直接责任人，必须切实负起责任，共同解决好涉法涉诉信访问题。”可是，王女士的这个冤案直到现在仍然没有得到纠正和解决，造假案的马俊杰和孙勇斌等法官不仅没有受到追究和处理，反而升官发财了——马俊杰由副庭长升为庭长，孙勇斌被提拔为立案庭的副庭长、信访办主任。马俊杰和孙勇斌等法官与下级法院的法官联合起来炮制出如此惊天动地、空前绝后、登峰造极、骇人听闻、惊世骇俗、匪夷所思、卑劣无耻、龌龊不堪、令人发指的枉法裁判案，当事人王女士及时向中央和地方的各有关部门进行了层层举报（实名举报）和控告，可这些犯罪分子就好像穿了铜墙铁壁衣一样毫发无伤，稳坐法椅，不仅没有受到一丝一毫的处理，而且还平步青云、步步高升了！云南省高级人民法院这样做是不是在鼓励其他法官要向这些会制造冤假错案、会枉法裁判的胆大包天的犯罪分子学习？？？这让冤民们情何以堪？这种做法天地不容、天怒人怨、人神共愤、天理难容、国法不容！！！　　要赢得群众信任，必须严于律己，必须从严治党。在大是大非面前不含糊其辞，在执行法律法规和党的路线方针政策上不讲条件，对干部队伍中违反原则的利益诉求不迁就照顾，对群众反映强烈的作风问题不漠然视之。　　云南省高级人民法院和云南省人民检察院是不是应该站出来对这些问题给予回应一下？？？　　明清两朝所有州县衙门的头门内，甬道之上，都立着一块碑，上边刻着十六个字，曰：“尔俸尔禄，民膏民脂。下民易虐，上天难欺。”这叫戒石铭。这句话的地位大概相当于现在政府大门影壁上的“为人民服务”。 不过我觉得，古人的这句话比“为人民服务”更有分量，因为古人讲理。说你的俸禄就是民脂民膏，这已经规定了你与人民的基本关系。说欺负小民天理不容，这又宣布了恶行将要导致的结果。这是一个无法确证的结果，所谓抬头三尺，即有神明，善有善报，恶有恶报，这些话在那时人们心目中的分量，绝对不同于现在的说笑。这种神秘的威胁是永远无法证实，也永远无法打消的，它永远是一把悬在贪官污吏头上的剑：欺压百姓不得好死。就算得了好死，地狱里也有油锅等着你。　　这么多人联合起来欺负一个在身体、身心乃至精神上都受到严重伤害的弱女子，于心何忍？于心何安？请问这些人：你们的良心被狗吃了吗？你们为何如此歹毒啊？？？“善恶到头终有报。”这些检、法人员终有一天会为他们的行为付出他们应该付出的代价！把他们自己搞得身败名裂，永远的被钉在历史的耻辱柱上而遗臭万年！！！　　积善如登高，久之必高；积恶如穿穴，久之必陷；古人言：“积善之家必有余庆，积不善之家必有余殃。”“我们为善加福于人，我们自然还得其福；我们为恶加害于人，我们自然还得其祸。”玩火者必自焚，多行不义必自毙，久走小路必遇鬼，“某些人”那种见利忘义、不计后果的做法就如同临渊醉酒，临高策马，险象环生······总有一天，“这些人”终会作茧自缚，自食其果，搬起石头砸自己的脚！　　法律是尊严而神圣的，任何人都不能超越法律和凌驾于法律之上！法律也是铁面无私的，法律的圣洁性和尊严性决不容许任何人的玷污和亵渎！　　一个人可以超越世俗，但决不能蔑视天道。你可以欺骗任何人，但你却不能欺骗自己，更不能欺骗自己的良心，因为良心是会被“发现”的，一个人，当他（她）天良发现时，他（她）是会受到良心的惩罚和责备的。如果蔑视道德，放弃操守，无论位高名重还是权倾天下，都将被大众嗤之以鼻！　　“佛争一柱香，人争一口气。”不讨到一个公道和说法，誓不罢休！！！　　冤案当事人　　【注：受害人王女士于2009年5月2日写了《关于云南省红河州第三人民医院耳鼻喉科主任（专家）后群医德败坏、欺骗患者、为他人谋取利益等行为的情况投诉》实名寄给了云南省政府和云南省卫生厅及国家卫生部；对于云南省个旧市人民法院的赵丽萍（本案一审的主审法官）及云南省红河州中级人民法院的王丽仙（本案二审的主审法官、审判长）执法不公、有法不依、滥用职权、不负责任、胡乱判案等问题以及云南省高级人民法院的马俊杰、叶红、孙勇斌、段奕如等法官违法造假案等问题，受害人多次向云南省人民检察院、云南省政法委、云南省人大、中央政法委、全国人大、最高人民法院、最高人民检察院、中央第二地方巡视组等部门实名举报；2010年6月25日写了《关于对云南省高级人民法院法官马俊杰、叶红、孙勇斌、段奕如枉法裁判案问题的举报》实名寄给了最高人民检察院渎职侵权检察厅和云南省人民检察院反渎职侵权局；同一天（2010年6月25日），受害人王女士还写了《关于对云南省个旧市人民检察院民行处科长荣燕违规调查案件情况问题的举报》实名寄给了最高人民检察院纪检组和云南省人民检察院纪检组。按照相关规定，公、检、法和国家机关对公民的实名举报应在一定期限内给予回复，可时至今日，受害人王女士未收到以上机关的任何回复。】"
107089957,http://bbs.tianya.cn/post-stocks-1979045-1.shtml,疯牛深度价值投机——实盘记录我的投资日记——争取每年翻一倍,weizhongwei_0909,2017-12-25 23:30:47,280,13,投入股票投资2年多，从开始的一无所知（2015年4月开户投入），几乎在牛市顶点进入，拿着5万块，上来就经历了2015年断崖式下跌，后反弹，再经历2016年熔断，再经过今年2017年的漂亮50的牛，传说中的牛市杀人不见血，2017年指数上涨了些，我虽然学到了很多，但依然小有亏损。5万的资金，所剩只有2万，各种酸甜苦辣只有自己知晓，尝试过超短交易，模仿过传说中的价值投资，试探过打板，都不成功，但都有感悟和进步，失败更多时候让人进步更快。通过不断的总结和提升，最终进步还是很大，体悟还是很深，自我感觉已经可以达到稳定盈利的水平了。　　期间对我影响最大的一本书是《巴菲特之道》第三版，杨天南翻译，我已读了很多遍，并大篇幅摘抄。现以此贴记录我的后续实盘操作及心得总结，在实践中提升理论，用更好的理论不断指导实践。通过实践，总结、理论学习、再实践、再总结，我相信自己会逐步把投资这门生意做好。　　两个月前从新在东方财富网开设新账户，带着2万元重整旗鼓，再出发。　　本帖主要功能：　　1、每天跟新实盘，记录投资记录；　　2、制定第二天的策略，也是严格控制自己的心理情绪；　　3、摘抄或撰写感悟总结，提升自己的认知。
142173591,http://bbs.tianya.cn/post-1190-8448-1.shtml,积压库存,余生请指教2020,2020-03-18 23:53:12,93,2,发布了图片
121261092,http://bbs.tianya.cn/post-feeling-4495458-1.shtml,86年女征婚,ty_须陀洹果,2020-03-13 05:54:12,1733,57,形单影只过每天，春华已过三十四，神州大地把你寻，依然不见你踪迹，前世约定你忘记，我却半生等待你，乌发已生银丝线，泪眼婆娑停不休，每晚想你到深夜，郎呀郎，今生若无相遇时，出家修行来生见。————王   微信：yynk88 　　女 86年的 未婚  学历：大专  江西人 五官端正 皮肤白皙 小胖子一枚 153cm 天秤座 无感情史 感情专一 会做饭 会照顾人 不抽烟 不打麻将 不泡吧 职业：销售 信佛 。　　要求男方经济条件良好。没有过婚前同居。
34348684,http://bbs.tianya.cn/post-828-1539551-1.shtml,大家真心评价当今中国最有希望拿诺贝尔奖的一部诗集《自然生活》节选作品,地球村子abc,2019-02-27 19:12:38,5391,391,每一个热爱生活真正懂得老子与庄子人生观的人都会喜欢这部作品！　　自自然然生活多么好！　　历经千辛万苦，如梦醒来，远离喧嚣，走向桃花源，走向老庄境界，走向自然生活......　　《自然生活》（诗歌篇）　　——不求韵律！只是记录自然心情！　　自然生活 （6 )　　一　　酷寒昨天最　　冰雪阳光下　　北风已经去　　晒暖乡村家　　二　　雪落乡村白　　树上有花开　　苍茫原野美　　晴空阳光来　　三　　眩目冰雪阳光下　　雀鸟美丽大树上　　寒冷却感空气净　　乡村多少鞭炮响　　四　　夕阳冷风中　　冰雪又冻凝　　屋内映光明　　归巢雀鸟鸣　　五　　雪仗已是孩子玩　　几人此刻童心发　　散步乡村学古人　　观赏自然心情佳　　08/01/13。　　一　　冰厚空气凝似冰　　白雪未化又落霜　　酷寒今天北风后　　朝阳东方撒阳光　　二　　朝阳有暖意　　雀鸟树上鸣　　虽然寒冷在　　却也享清静　　三　　晴空雪原美　　雀鸟自由飞　　冬闲乡村中　　读写有无为　　四　　阳光金辉白雪上　　晴空碧蓝鸟飞冲　　乡村麦野寒冬青　　冰厚几寸小河冲　　五　　乡村雪后肥　　晴空阳光美　　树上有花开　　空中飞鸟飞　　08/01/14。　　一　　细碎小雪轻轻落　　乡村迷濛柔柔感　　仰首几丝清凉在　　雀鸟一群忽飞远　　二　　乡村冬闲中　　悠悠又雪飘　　小雀飞在空　　麦苗正睡觉　　三　　寂寞可读写　　孤独音乐妙　　年少时光去　　回忆有些好　　四　　年少放声雪野唱　　此刻无音自然赏　　太虚幻境多少感　　青春岁月有轻狂　　五　　岁月多少去　　新天每天来　　自然四季变　　宇宙无限在　　08/01/15。　　自然生活 (7)　　一　　悠悠雪花落　　冷冷空气清　　偶尔有鸡叫　　不时雀鸟鸣　　二　　乡村雪天胖　　几人又厚装　　迷濛远处美　　雪人天真样　　三　　雪天乡村美丽中　　可以寻找儿时梦　　单纯声音空中在　　却观远处又迷濛　　四　　滴嗒钟表音　　清脆雀鸟鸣　　冬闲可读写　　映雪屋中明　　五　　雄鸡远处鸣　　雪落静无音　　茫茫天地中　　片片雪花新　　08/01/16。　　一　　懒睡醒来又雪飘　　月季枝头花朵俏　　漫天飞舞怎数进　　感觉低屋有些高　　二　　世界模样变　　乡村多雪白　　鸡叫又天亮　　树上花朵开　　三　　年少雪中多乐趣　　此时已觉少激情　　观赏习惯静静看　　散步自然空气清　　四　　雀鸟爪迹青草样　　小狗脚印花朵开　　几丛树木成玉树　　多少美丽自然在　　五　　如雪岁月多少落　　似果朝阳几度来　　小村不动八万里　　大鸟飞空远处在　　08/01/17。　　一　　早晨乡村酷寒中　　小雪已停有些冷　　鸡鸣雀唱此时在　　一缕微风感觉清　　二　　猫咪呼噜睡　　被窝感觉暖　　无奈可读写　　有趣闲适间　　三　　雪野有美丽　　飞鸟快乐意　　麦苗冬眠中　　散步悠然怡　　四　　路路冰冻滑　　树树又开花　　原野雪中美　　肥白乡村佳　　五　　小雀树上鸣　　自然雪中清　　世界茫茫在　　宇宙漫慢醒　　08/01/18。　　自然生活 (8)　　一　　白菜粉条萝卜汤　　粗荼淡饭闲适香　　社会大学悠悠上　　逍遥美梦天天享　　二　　生活随意自潇洒　　淡泊少欲多悠然　　放任乡村能读写　　散步自然空气鲜　　三　　苍茫雪野太虚幻　　e时空里正冬天　　理想梦境有睡眠　　朝阳鸡唱天地间　　四　　食饱雀鸟叽喳在　　冬闲无聊可读写　　不管有用与无用　　去闲去愁能心惬　　五　　冰霜几寸厚　　酷寒能多久　　四季变幻在　　忙闲岁月悠　　08/01/18。　　一　　屋外飞雪屋内观　　一缕空气感觉鲜　　小雀几只觅食在　　苍茫一片怎望远　　二　　鸡鸣风雪中　　乡村正朦胧　　清新自然醒　　飞鸟飞于空　　三　　雪屋又在乡村里　　童话梦境复重来　　玉树琼枝几多美　　孩子笑音四面在　　四　　夸雪难觅新词写　　赞树鲜句哪最美　　散步河堤悠然走　　树丛小鸟雪花飞　　五　　雪花轻轻落　　老词新词和　　世界五千年　　雪天诗人多　　08/01/19。　　一　　漫天飞舞朵朵雪　　转瞬即失只只鸟　　乡村此刻多么静　　洁白世界有美妙　　二　　老词老句习惯写　　新年新雪自然来　　千朵万朵雪花白　　两枝三枝蓓蕾在　　三　　糊涂红薯吃后暖　　白雪飞鸟闲适观　　e时空里自然美　　颠狂自己自由感　　四　　散步走在风雪中　　疯傻唱在梦幻里　　自然世界缤纷样　　醒来万物洁白意　　五　　小雀雪中飞　　大树应无畏　　麦苗正酣眠　　乡村此时美　　08/01/19。　　自然生活 (9)　　一　　淡淡雪花空中飞　　轻轻微风呼吸美　　悠悠心情悠悠飘　　痴痴雪天痴痴醉　　二　　不知何时痴雪天　　年少梦幻儿时乐　　不惧人说呆子样　　漫步乡村迎雪落　　三　　寒冷只好钻被窝　　陋室简单读写乐　　回忆年少好时光　　心情不觉与雪落　　四　　风雪里面我痴醉　　茫茫世界哪最美　　尘间出入有几回　　几只小鸟远处飞　　五　　飞雪飘落万物白　　鸡鸣乡村世界醒　　庸俗高雅怎样变　　生活多少阅历经　　08/01/19。　　一　　天真童心又萌发　　滑雪游玩堆雪人　　世界有趣冬天里　　年少足迹无处认　　二　　大雪厚处可没膝　　小鸟觅食到处飞　　风过路边荒草露　　北国四面雪野美　　三　　雪雾远处感迷惘　　村狗狂吠寒风凉　　雀鸟无畏空中飞　　也有活力小村乡　　四　　雪天多美处　　乡村少喧嚣　　自然新模样　　原野忽然高　　五　　厚雪温柔感　　薄冰透光明　　乡村似入梦　　飞雾如鸟轻　　08/01/20。　　一　　冰凌晶莹美　　厚雪乡村秀　　自然多飞鸟　　老天恩赐有　　二　　厚厚白白雪　　酷酷冷冷暖　　飞鸟有几只　　鸡唱小村远　　三　　毛竹枝叶青　　月季枝叶老　　白雪轻轻落　　有花朵朵俏　　四　　风来呼啸响　　雾去几团飘　　冬天如此样　　依然规律好　　五　　雪后有冷风　　太阳隐约空　　小村多么静　　飞鸟飞空中　　08/01/20。　　这是一位历经千辛万苦者的自我超越，对生活的重新认识！　　这是一位文学青年思想情感的经历。从清纯少年到热血青年到今天的自已。从年少的文学理想到青春的文学理想到今天的文学理想。从年少时对人生的认识到今天对人生的认识。一次又一次地超越自己！一次又一次地认识自己！一次又一次地发现什么是真正的生活！　　历经千辛万苦，如梦醒来，离开喧嚣，走向桃花源，走向老庄境界，走向自然生活......　　追求天地合一，追求阳光快乐的自然生活是当今世界人类的终极目的！　　每一个真正懂得老子与庄子人生观的人都会喜欢这部作品！　　自自然然生活多么好！　　历经千辛万苦，如梦醒来，远离喧嚣，走向桃花源，走向老庄境界，走向自然生活......
137747909,http://bbs.tianya.cn/post-feeling-4496441-1.shtml,改善环境迎小康,value2018,2020-03-19 19:55:12,20,0,金山银山不如绿水青山，改善农村人居环境是一项重大的民生工程、民心工程。全国上下必须乘势而上，在一手抓疫情防控，一手抓经济发展的同时，毫不动摇地开展农村人居环境整治，要全面推进、全域实施，。呈现出一派“天蓝、地绿、水净，宜居、宜业、宜游”的美丽乡村景象。一切从现有条件出发，从一件件小事入手，真抓实干，取得让人民群众满意的成绩。同时，人居环境改善把美丽乡村建设与产业发展、农民增收和民生改善相结合，科学规划，统筹推进，全力打造环境优良、生态宜居、乡风文明的美丽乡村。让人民群众见成果，人民群众才会积极参与，力所能及时主动加入，实现干干净净迎小康。
141489132,http://bbs.tianya.cn/post-stocks-2159854-1.shtml,短线修为,长阳飘红,2019-11-04 21:40:20,1642,102,"本人偏好短线,经过几番起落,下地狱去做短线,上天堂也在短线,利与害,风险与机会并存.开一新贴实盘记录自己,继续前行"
42318345,http://bbs.tianya.cn/post-fans-243553-1.shtml,[中国足坛]世界杯功臣涉赌 联赛冠军遭调查,记得微笑00,2010-10-18 17:11:00,361,4,呜呜！！刚刚在 五星体育网 看到这么一则的新闻——　　   公安部的反赌风暴接近尾声，继早前的谢亚龙被传讯调查，日前又有爆炸性新闻传出，其中涉及2002年世界杯的功臣涉嫌一场十强赛打假球以及鲁能和深圳夺得联赛冠军的真实性调查。　　   据有关人士透露，参加2002世界杯的23名球员中有6人有嫌疑，目前就有两人到沈阳协助调查，其中曾在上海效力的非世界杯功臣有两人，此外，还有四名世界杯功臣也有重大嫌疑。根据目前情况来看，两名世界杯功臣应该就是祁宏和江津，而在上海效力过的非世界杯球员两人中，有一人是申思，另外一人是谁，还不得而知。　　日前，专案组分派人员分别前往北京、沈阳、济南和深圳四座城市，到这几个地方进行最后的调查取证工作，并对此前查证的案件进一步的补充证据。在扫赌风暴初期，山东鲁能的几任老总康梦君和董罡都曾被带到沈阳协助调查，这也许和他们在任期间的一些经历有关。另外，山东鲁能的一名前财务经理也被调查，这或许说明山东鲁能存在一定的问题。之前一直有报道称，专案组已经盯上了一些冠军俱乐部，有人甚至直言，山东鲁能就是其中之一！此外，深圳也被认为是其中涉赌之一，这一次专案组前往深圳很有可能就是要调查2004年深圳的夺冠之谜，或许同时很多关于张海系的秘密也将通过这次调查而水落石出！　　   若这些事情属实，势必对中国足球造成又一次灾难性的打击。　　   要是真的是再次造成灾难性的打击，那么中国足球的未来将会是怎么样的呢？唉，还真的是不敢想象啊！
104458281,http://bbs.tianya.cn/post-feeling-4453729-1.shtml,每日当三省,满仓等反弹,2019-05-18 14:27:40,1745,215,一晃就要四十了，真是弹指一挥间！不论是以古代还是现代人的眼光，我都毫无成就感可言，有一种挫败感！这两年股票连续重仓踩两雷，都属小幅亏损后，急于求成，冲动型博傻，去年中一雷今年继续重仓中雷，不得不说我是真的傻！亏损40多万虽然并没有影响我的生活，但起步的本钱小了许多！虽然我坚信坚持到最后总会见彩虹，但不免心里还是有些怵！炒股4　　年，其实早就想天天复盘，天天写操作计划，可没坚持几天，盘中起意，再遭一闷棍也是理所当然。炒股需要极强的自制力，我的自制力出奇的差。有所失必有所得，今天我慎重的告诉自己，首先把烟戒了，5月每天不可超过3支烟，对外宣布以戒烟，只准在家里抽，6月每天不超过两支，7月每天一支！8月开始不允许买烟！如果连烟都戒不了，那我可能就不适合炒股了！以后每天必须复盘一小时，在此贴写大盘分析，操作计划。每天整理房间至少10分钟，锻炼至少15分钟，以后绝对不碰问题股，下跌趋势股票，只做突破形态，上升趋势股票，还有最重要一点，今天我说的话每天必须看三遍！
87059041,http://bbs.tianya.cn/post-fans-481338-1.shtml,世界女子网球排名,秋风知秋雨,2020-03-09 23:33:05,507,9,进入2020年，国内网站已经看不到世界女子网球运动员的排名。本人对网球比较爱好，抽时间整理了一下世界女子网球运动员的排名，供大家参考。
141888697,http://bbs.tianya.cn/post-stocks-2168975-1.shtml,“卫星”团队今天成立，意在稳健操作，稳定盈利，速度围观！,大卫賽恩斯,2020-03-03 09:33:54,2201,142,大家好我叫大卫.賽（赛）恩斯，曾经有幸和全球著名投资大师吉姆.罗杰斯（量子基金创始人，国际金融大鳄乔治.索罗斯的合作伙伴）一起参加过活动，但我认为他的投资理念在中国不太适合，所以我根据中国A股的特点，我研究出一套独特的选股方法，这种操作理念适合于绝大多数投资者的心理，但不适合赌徒和想一夜暴富的人，经过长达一年的实战效果来看，成功率在8成左右，所以我想把我这个方法和大家一起分享，我们一起学习和成长。　　现在大多股民对股市的知识基本为零，也很少有人会选股，大多都是喜欢追涨杀跌（跟风），做击鼓传花的游戏，可能很多人都觉得自己不会是那个接到花的人，但是现实是残酷的，股市的游戏规则就是这么玩的，没错：接到花的就是你！！！前边几次操作赚的钱可能因为一次失误而挂掉，这是相当致命的（当然在大盘好的时候追涨会赚暴，可是A股能有几年牛市呢）　　本人的操作风格是在精选个股，在底部，对，没错！是在底部提前布局，绝不轻易追涨，不去刻意追求涨停，只追求个股的操作成功率，和年度收益，因为我想让大家在股市道路上走得更远。　　我的实盘操作经验非常丰富，从2020年的第一个交易日开始到今天一共操作过三只个股，没有在任何一只个股上失误过，也就是说每个股票都在赚钱（我操作实盘已经在另外一个贴子上时时的发出来了，网址：（http://bbs.tianya.cn/post-stocks-2167070-1.shtml），欢迎喜欢稳健的朋友们加入我的部落。　　下图中间的人为吉姆.罗杰斯
34348684,http://bbs.tianya.cn/post-university-1186376-1.shtml,大家真心评价当今中国最有希望拿诺贝尔奖的一部诗集《自然生活》节选作品,地球村子abc,2019-04-09 19:17:01,13419,487,每一个热爱生活真正懂得老子与庄子人生观的人都会喜欢这部作品！　　自自然然生活多么好！　　历经千辛万苦，如梦醒来，远离喧嚣，走向桃花源，走向老庄境界，走向自然生活......　　《自然生活》（诗歌篇）　　作者：自然村子　　——不求韵律！只是记录自然心情！　　自然生活 （1）　　一　　冬天酷寒在　　冰冻乡村厚　　晴空空气鲜　　新年又春秋　　二　　感慨不想再多说　　新年要有新快乐　　与风飘去老时间　　和鸟飞来自然乐　　三　　暖阳晒暖有些倦　　闭目养神为忙碌　　冬闲其实几人闲　　清静感觉一会舒　　四　　寒冬乡村别样美　　晴空原野雀鸟飞　　自然万物多少眠　　哪里来风几缕清　　五　　浮燥心情应沉静　　理想要远勿近功　　淡泊名利多读写　　自谦自学少玩空　　08/01/01。　　一　　寒冷晴空冰冻厚　　朝阳东方暖意有　　飞鸟乡村树上落　　轻快鸣唱有自由　　二　　乡村雄鸡叫　　新年伊始开　　晴空新鲜感　　飞鸟几群来　　三　　雀鸟无畏寒冷在　　冰冻霜厚土路硬　　大树近旁疏朗美　　冬天乡村自然醒　　四　　冷静酷寒里　　暖柔阳光中　　冰冻几层厚　　飞鸟自由空　　五　　新年又一天　　蔚蓝晴空鲜　　疏朗乡村美　　多少飞鸟远　　08/01/02。　　一　　功课冬闲每天练　　又入忙碌其实是　　好在不为有无用　　可以静心读写诗　　二　　小雀树上 惯唱　　无聊屋中自然读　　自由舒畅婉转音　　有趣逍遥境界入　　三　　奈何世事每天多　　小屋清静读写乐　　忘却昨天享今天　　晴空蔚蓝阳光和　　四　　乡村喧嚣闹中静　　蓝天无音鸟飞空　　世界岁月多少去　　宇宙无限万物中　　五　　小村冬闲晴空下　　大树疏朗阳光明　　飞雀几类羽颜美　　忍冬植物有叶青　　08/01/03。　　自然生活 （2 ）　　一　　冰霜冬天在　　雀鸟美丽来　　东方朝阳升　　寂静喧嚣开　　二　　鸡鸣狗吠乡村中　　雀鸟自由飞于空　　喧嚣寂静冬闲感　　酷寒清爽悠然拥　　三　　河堤上面北风冷　　忍冬植物依然青　　乡村飞鸟落树鸣　　太阳无语东方醒　　四　　自然有雀鸟　　悠闲得美妙　　缥缈薄雾走　　心情感觉好　　五　　雄鸡村中鸣　　斑鸠远处叫　　世界复又醒　　朝阳重新高　　08/01/04。　　一　　小雀已归巢　　夕阳西边落　　旧岁去几日　　新年有快乐　　二　　美丽自然暮意里　　疏朗乡村夕阳西　　有风不冷清爽感　　冬闲悠走心情怡　　三　　冬闲酷冷冰未化　　有风忽来凛冽清　　无聊有趣几重复　　失去得来多少醒　　四　　雀鸟倦意鸣　　夕阳缓慢落　　小村自然里　　不冷风感和　　五　　新年又几天　　朝阳夕阳圆　　碧蓝晴空在　　原野一望远　　08/01/04。　　一　　阳光明媚雀鸟戏　　寒冰檐下有水滴　　乡村冬闲可晒暖　　记录今天好天气　　二　　荒草野鸟晴空下　　冰厚霜白乡村中　　疏疏朗朗几分美　　冷冷清清淡泊拥　　三　　冬闲无奈读诗书　　乡村有乐练字中　　读写散步感生活　　惯自然品中庸　　四　　三十多岁又奋发　　几经拼搏有啥功　　有为无为不想论　　自然生活乡村中　　五　　村中孩子笑　　树上雀鸟闹　　乡村酷寒中　　晴空暖阳高　　08/01/05。　　这是一位历经千辛万苦者的自我超越，对生活的重新认识！　　这是一位文学青年思想情感的经历。从清纯少年到热血青年到今天的自已。从年少的文学理想到青春的文学理想到今天的文学理想。从年少时对人生的认识到今天对人生的认识。一次又一次地超越自己！一次又一次地认识自己！一次又一次地发现什么是真正的生活！　　历经千辛万苦，如梦醒来，远离喧嚣，走向桃花源，走向老庄境界，走向自然生活......　　追求天地合一，追求阳光快乐的自然生活是当今世界人类的终极目的！　　每一个热爱生活真正懂得老子与庄子人生观的人都会喜欢这部作品！　　自自然然生活多么好！　　历经千辛万苦，如梦醒来，远离喧嚣，走向桃花源，走向老庄境界，走向自然生活......
138466360,http://bbs.tianya.cn/post-1179-223418-1.shtml,还是这里安全，10钻52%埋一些！这里好！,天乙浪人,2020-03-19 08:47:57,4990,2994,出去逛一圈，血淋淋的！　　回到安全的港湾！
136935937,http://bbs.tianya.cn/post-fans-481375-1.shtml,中国入门级的教练员应像英足协那样不设门槛,13540635428,2020-03-19 10:05:21,104,2,大家都知道目前中国足球踢球的人数不足，教球的教练员人数也是不够，包括入门级的教练员培训还设置了很多限制，这些都是中国足球发展的一个很大的问题。在这个方面，中国足协是负有不可推卸的责任的。人数不够，塔基不牢！　　在中国这个社会，其实大家基本都有这样一个常识，那些踢球的绝大多数从业人员，因为中国教育系统的原因，学习方面都不是很好的，这样就限制了中国球员的上限，再加上中国社会环境的影响，哪怕他身体条件再出色，他的足球天花板也是非常清楚地摆在那里的。而当今中国足球教练人员基本上就是被上述的足球从业者所把持着。他们的上限也决定了中国足球的上限。他们这些人并不比国内一些对足球有兴趣和研究的人更懂足球。　　关键在于，中国的足球氛围还非常的不够。那些足球发达的欧洲和美洲国家，已经视其为一种生活方式了，已经形成了他们的一种文化现象！而在中国，年轻的看手机，看电脑，玩游戏，忙于功课和课外辅导；中年的打牌，搓麻将；老年的广场舞，下棋，写字画画的。像中国这样文化传统悠久，文化包袱太多太沉重的，很难形成一个新的文化现象和生活方式。　　“文化高地就是你不去占领，就将被其他事物所占领”！面对这种情况可以通过像英国足协那样，在入门级教练员的培训方面，不设门槛，只要愿意参加和培训的，基本都能进入这个教练行列中，通过这个方式以扩大足球在整个社会的认知度和参与度，提升人们的足球兴趣，以成人或者父母亲带动家庭，普及足球常识和市场，从而形成一个新的都市文化现象和生活方式。如果能够实施这种无门槛的入门级的教练员培训措施，这种举措的影响对中国足球将会是非常长久和深远的，也必将带动中国文化现象的发展和繁荣！
131882432,http://bbs.tianya.cn/post-feeling-4324852-1.shtml,未来！Fighting,cshx85,2018-01-02 12:56:43,30623,1284,题目本是“愿得一人，待己如初”，想了几秒，浓浓的矫情缺爱味，改为了“未来！Fighting”，满满的正能量，心情豁然开朗了(*^▽^*)。　　网上看到了一段话“人生都要遇见四个人，第一个是你爱但不爱你的人，第二个是爱你但你不爱的人，第三个是你爱又爱你但最后不能在一起的人，第四个是你未必爱但最后在一起的人”我符合前面2种，后面2种如可选择，不想经历了，可第四种是常态o(╯□╰)o ​​​　　成长是：要习惯任何人的忽冷忽热，也要看淡任何人的渐行渐远。 　　孤独是生命的常态，所以陪伴显得格外珍贵，永远不要因为新鲜感，抛弃一个一直陪伴你的人，陪伴是最长期的告白，任何理由的离开，都因爱的不够彻底。　　老乡同事说要给我介绍男孩，问我喜欢那种类型，说有个同学在深圳很不错，就是眼光高了点，介绍我认识，另外和我同一天入职的男同事也说要介绍，问我是否介意胖的男生？新年第一天上班，一股浓浓的桃花味扑面而来(*^▽^*)，2018年本姑娘的相亲之路任到重远，来吧，让相亲来的更猛烈些吧，踏破铁鞋也要把那小子揪出来，再皮鞭300下侍候，真不是一句“让您久等了”就可妥协。因为你的迟到，害我遭遇了多少流言蜚语，身心精神蒙受了多大的摧残，某个夜黑风高的晚上心灰意冷差点削发上山了，祖国未来的花苗荣耀之星险些葬送在你来的路上(*^▽^*)
107020459,http://bbs.tianya.cn/post-1151-91580-1.shtml,美国留学已经迟到了，现在的签证时间一直刷不出来,zm1182328722,2020-03-11 14:45:30,673,4,"1美国签证预约加急（最快1天）　　2美国签证面试成功后护照领取加急（最快1天）　　3 美国签证行政审核CHECK加急　　　　美国签证被CHECK/被行政审核后加急出签　　美国面签被CHECK?　　我司提供的加急出签服务最快5-8工作日结束行政审理程序！　　加急原理：通过商会渠道，找到你在排队中的护照资料做插队处理，　　使签证官可以优先审理您的材料！　　志美出国为您提供美国签证加急服务　　美国签证加急流程　　提供护照首页扫描件和DS160确认页　　联系我司顾问，提供您期望面谈的日期范围　　我方将资料上报使馆加急, 申请人准备面谈材料　　加急成功, 回传预约确认单　　2-3天进馆面签　　无论官方排期是一个月还是两个月, 找我们加急, 最快第二天 ,第三天即可进馆面谈.　　多年渠道 保证成功　　2009年开通加急服务至今, 多年从未间断,　　您只需要任意指定二至三个有效工作日备选, 百分百加急成功.　　支持美国五大领区 所有签证类型　　北京, 上海, 广州, 沈阳, 成都五大领区均可办理加急.　　B1/B2商务旅游, F1留学, J1交流访问, C1过境,工作签证h1b和L1等都可办理加急.　　志美出国加急原理　　志美出国通过美国商会渠道加急，　　将您的资料通过VIP渠道报送使馆。　　志美出国不建议您频繁刷号！　　刷号超过3次您的预约账户将被锁定！　　超过5次后您的签证费有可能会失效！　　美国签证面签通过后护照领取加急　　您面签通过后，联系我司提供护照号即可在最快24小时内　　拿到您贴有美签的护照。"
34348684,http://bbs.tianya.cn/post-828-1499864-1.shtml,萌萌哒的春天,地球村子abc,2018-03-05 15:00:14,1816,174,萌萌哒的春天　　作者：自然村子　　一　　萌萌哒的春天来了！　　萌萌哒的春风暖暖的；萌萌哒的春草萌芽了！萌萌哒的春鸟开唱了！…….　　萌萌哒的春天最可爱！　　二　　冰冻过硬棒棒的小路开始变的软软的，走在上面舒舒坦坦，稳稳的，绵绵的，感觉着春天温柔的情感！路边经冬的小草泛出了绿意；萌萌哒的样子！可爱极了！原野上经冬的野菜有的已经爆出了米粒般雪白的花朵；萌萌哒的样子！可爱极了！树林里飞归的春鸟在树枝上开唱春天的歌声！久违了的美鸟！久违了的美音！萌萌哒的声音！美妙极了！　　三　　萌萌哒这个网络热词是最自然，最可爱的意思。冠名给春天自然是最恰当不过了！生发自内心热爱的；生发自天然的纯真的情感，表情，事物大概都能冠名萌萌哒了！　　我爱春天！春天就是萌萌哒的样子！　　萌萌哒的春天最可爱！　　四　　萌萌哒的感觉是可遇而不可求的！是天然的自然的流露！任何故意做秀的表情，事物都不是！只能给我们滑稽可笑的感觉！　　春天是随自然而来的！自然萌萌哒！　　五　　正当春阳暖照，忽然一阵北风！热热冷冷！乍暖还寒的春天！恰如淘气年龄萌萌哒的娃娃！一会撒泼大哭一会活泼欢笑！　　乍暖还寒的春天就是一个淘气天真的娃娃！　　呵呵……　　一个萌萌哒的娃娃向我们走来了！　　六　　其实自然世界永远是萌萌哒的样子！不论春夏秋冬！做为大自然的一分子，我们也应该自自然然萌萌哒活着！扔掉那些虚伪的自己制造的面具，摆脱金钱对我们的奴役之累！快乐阳光地活着多么美好！　　萌萌哒的春天里有一个萌萌哒的人类世界，在这个世界里人们都萌萌哒地快乐的活着该有多么好！　　我此刻在做着一个萌萌哒的梦……　　七　　春草儿萌芽了！春鸟儿开唱了！春鱼儿乐游了！春花儿开了！孩子们笑了！　　萌萌哒的春天里生活着萌萌哒的希望！　　八　　新生的事物；新生的感觉；新生的希望都在自然界里循环更替着！每时每刻！一个热爱生活的人他能随时感知万事万物的新鲜与美好！从不伤感和叹息过去的时光！以萌萌哒最自然的心态爱着这个世界！给这个世界带来新鲜的正能量！这样的人永远健康青春！永远朝气蓬勃！永远充满活力！　　九　　柳枝儿绿了；桃花儿红了；梨花儿笑了！……　　萌萌哒的春天来了！　　萌萌哒的希望来了！　　2016.02.28.　　这是一位历经千辛万苦者的自我超越，对生活的重新认识！　　这是一位文学青年思想情感的经历。从清纯少年到热血青年到今天的自已。从年少的文学理想到青春的文学理想到今天的文学理想。从年少时对人生的认识到今天对人生的认识。一次又一次地超越自己！一次又一次地认识自己！一次又一次地发现什么是真正的生活！　　历经千辛万苦，如梦醒来，离开喧嚣，走向桃花源，走向老庄境界，走向自然生活......　　追求天地合一，追求阳光快乐的自然生活是当今世界人类的终极目的！　　每一个真正懂得老子与庄子人生观的人都会喜欢这部作品！　　自自然然活着多么好！　　历经千辛万苦，如梦醒来，远离喧嚣，走向桃花源，走向老庄境界，走向自然生活......　　我的书终于正式出版了！亲们！欢迎亲们捧场购买了！ 　　http://product.dangdang.com/25154756.html 当当网　　https://item.jd.com/12168653.html 京东网　　https://item.taobao.com/item.htm?id=550801522204 淘宝网　　买一本《自然生活》就是买了一份健康好心情！　　历经30年千辛万苦，如梦醒来，远离喧嚣，走向桃花源，走向老庄境界，走向自然生活......　　拥有一本《自然生活》就是拥有了一份好心情！让大家阳光快乐的自然生活是我最大心愿！　　先睹为快！淘宝搜索《自然生活》写作起名就可找到购买此书！免费包邮！另外当当网，亚马逊书城；京东书城以及各大小新华书店将陆续上架销售！　　好药能防病治病！好诗歌同样能防病治病！拥有一本《自然生活》就是拥有一份好心情！能够带给人健康和快乐的作品才是真正的好的文学作品！自然村子写的《自然生活》——就是一本能够带给人健康和快乐！防病治病的诗歌文集！！！获得全国网友真心好评的书！此书已在大学里火热传阅！翻开此书就走进了诗歌构建的天然氧吧！翻开任意一个章节读后都能让你感觉神清气爽，心旷神怡，心情开朗，心胸开阔！得到一份好心情！就是帮你获得了健康！防病治病！亲们！让大家健康快乐的自然生活是我最大心愿！真心为书友们推荐读了给人带来健康的诗歌文集！—— 《自然生活》 ！有需要健康快乐的要看此书的可以同我在这里或私聊联系了！群里爱读书的亲们！ 网友真心评价：“纯天然！”“自然的诗”“自然而然”“串串经典！”“诗歌构建的天然氧吧！”“自然情感的流露……”“经典！”“超越了陶渊明的诗超越了唐朝大诗人寒山的古体白话诗！”“没有语言可以评价！”　　古今有多少名人大家成名之前的原版签名之书少人购买、成名之后却万金难买！就如万科的原始股票少人买！出名前齐白石的画作少人买！马云马化腾的原始产品少人买！此刻不知多少人后悔莫及！亲们此书快二次印刷了！此刻不买！过几天原版签名的10000元想买也买不到了！聪明有眼光的亲们都会在此刻买下此书！——《自然生活》手机微信联系购买:13460125903 书到红包付款！绝对放心！希望亲们转发！赚钱后就给群里的亲们发红包！本群就实现共产主义了！我的钱就是大家的钱！　　我的热心读者告诉我五种人不买《自然生活》——1：文学上的盲人！2：爱吃后悔药的人！3：羡慕嫉妒恨的人！4：看不起农村人的人！央视主持人朱军说城里的人上不出三代都是农村人！看不起农村人就是看不起自己的祖宗！5：不要快乐阳光健康生活的人！　　我希望大家不是以上五种人！让大家健康快乐的自然生活是我最大心愿！
57658634,http://bbs.tianya.cn/post-fans-481374-1.shtml,恒大2020赛季官方中超8冠纪念系列产品测评：“家族化设计”再升档次,大佬鸣,2020-03-18 09:51:24,165,1,恒大2020赛季官方中超8冠纪念系列产品测评：“家族化设计”再升档次，始终伴随俱乐部共同成长　　（本文实拍图由团队摄影师甘宇轩 ：LOKAM VISION提供）　　作者：大佬鸣（丛硕鸣）　　　　相信绝大多数恒迷都清楚，每个赛季正式开打前，广州恒大淘宝足球俱乐部都会生产并推出迎合新赛季情况的球迷纪念产品，这俨然已成为一项传统保留节目。尽管在2020年初中国遭遇新冠肺炎疫情的影响，直到现在新赛季仍未打响，但由于球队在2019赛季斩获中超第八冠殊荣，一系列的中超8冠纪念系列产品还是应运而生，俱乐部的坚持与良苦用心可见一斑。　　为了更好的介绍每一件官方中超8冠系列产品，笔者专门找来了球迷产品设计师CGF斯基，让他逐一介绍每件产品的亮点及设计理念，就是为了让大家更清楚了解它们是如何应运而生的。　　首先在展开叙述之前，先要给各位介绍一下去年夺冠后那张官方八冠海报，毕竟海报中很多元素也成为了这些产品所参照的对象——八冠海报：从8演变成无限符号的动态过程，海报的八边形图案，在足球上也有体现。八边形的线条实际上是模拟星空图的概念，星形实际上也代表无限，希望通过星形无限的感觉，从视觉上来体现冠军的无限，毕竟星形也代表冠军，每夺冠一次，就会多一颗星星。　　2020广州恒大淘宝官方中超8冠纪念足球：　　球体主要图案展现数字8及无限符号的意思，球上有两处地方予以显示，如果以其中一个为基准去看，竖着的是8，横着的则是无限的意境。　　2020赛季官方八星队旗：　　红色旗帜中的底纹，实际上就是虎纹，然后从香槟金到红色的渐变，体现一种高贵的感觉。通过总结，过去那种纯黄色配红色容易导致视觉疲劳，看起来有些累，所以将颜色调整成香槟金，这样看起来更柔和、美观、高雅一些。斜着的很密的细线条，主要想表达现代感和时尚感。　　广州恒大淘宝官方中超8冠助威围巾：　　围巾正面依旧是体现8冠的元素，暗红表现的是一种沉稳与大气，鲜红代表激情和动力，中间的冠军英文字样与海报中一样，不过由于围巾的纵向宽度的原因，没有把八边形放进去；背面就是八冠的年份记录，配合冠军星星的映衬，更有意义更显霸气。　　广州恒大淘宝官方中超8冠纪念小队旗：　　小队旗寓意明显，就是体现8冠元素，与海报中图案所展现的含义相同，交相呼应，属于衍生系列产品。　　广州恒大淘宝官方中超8冠纪念马克杯：　　杯子的主要图案和8冠纪念足球上是一样的，属于同一个系列。当你拿着杯子喝水的时候，杯面朝嘴边倾斜的话，竖立时候的8会变成无限符号，寓意也与8冠足球相同。　　2020官方智能保温杯：　　保温杯实用性很强，杯面采用黑色系比较商务，亦可休闲，匹配球队队徽，有一定归属感，此类产品并不需要过多过复杂的设计。　　广州恒大淘宝足球俱乐部2020赛季官方台历：　　台历外观的设计图案是2020新赛季通用的VI。今年的台历把海报和比赛场景图整合在一起了，里面有一部分是海报，有一部分是比赛画面，就不做两个版本了。这样精简一点，也更容易满足更多朋友的需要。　　广州恒大淘宝官方中超8冠礼品盒：　　里面可以装球衣，亦可以放各种球迷纪念商品，用来送人高端大气上档次。这个是区别于2020赛季通用VI，是8冠纪念款的单独礼品盒，主要用来总结2019赛季的。图案像钻石切割面一样的感觉，体现一种尊贵和永恒，因为钻石代表着永恒！　　用CGF斯基的专业表达，统一的背景实际上就是“家族化设计”了，事实上这在品牌化设计里是十分重要的，每年的VI背景都是不一样的。这个理念很重要，好像宝马汽车，前面标志的双色格栅，从一开始一直延续到现在，只是形态上有一点微调。这个就是家族化设计，包括奥迪、奔驰这样的知名汽车品牌，都在使用这样的设计理念。还有阿迪达斯的三道杠，每件产品都有，但形状和位置会不一样。　　家族化设计实际上就是让你虽然看起来每年都会不一样，但这是哪个俱乐部出品的东西，可以一目了然。好比恒大老虎的相关元素，红金颜色的配色，都是属于恒大足球家族化设计的产物，球迷一看就能分辨出来，这是属于“恒大制造”。即便上赛季没有夺冠，大家发现依然有新产品涌现。实际上所有的设计每年都会有一些变化，但大体元素是永远不会变的，包括冠军星星所体现的那种霸气，亦是恒大家族化设计里专有的。从深红、鲜红到金色的运用，只有恒大一直在用，可以被视作恒大家族化设计的固定配色。　　不仅仅是汽车，但凡是大品牌，只要其设计部门有自己的理念，并为长远考虑的话，一般都会有属于自己的家族化设计。它就是为了区分品牌而使用的，给消费者树立一个自己品牌的固有形象，提高认知度。因此在球迷产品的设计上，恒大遵循的也是世界最先进、最高端的理念。而且过去的一系列产品，都是为了积累这种家族化设计的感觉，以前的产品元素一直延续了下来，毕竟俱乐部的历史与那些百年大品牌还有差距，需要这样的积累。今年俱乐部有意把这些设计做一个家族化的梳理。总体统一一种风格，每个赛季进行局部微调，不会有大的变动。而所有的变化，也是在固有元素的大框架内发生的。与俱乐部一同成长，在视觉乃至气质上的吻合，球迷产品的设计，同样可以表现这一点。　　据了解，目前国内大多数中超球队虽然有了自己的球迷商品，但其基本属于完全外包给第三方公司制作，成为成品后有的才自行销售，有的甚至连运营也交予第三方。对于产品本身，不能说撒手不管，但大多数俱乐部不会倾入过多心力。这也可以理解，毕竟球队运营的事务繁琐，很难做都面面俱到。然而对于恒大俱乐部而言，尽管他们除了足球、队旗、围巾等主要产品外，也有部分产品寻求了第三方公司的合作，但其并没有撒手不管，俱乐部一直有专人负责监督与对接，其运营过程也有与众不同之处。这些年，尽管球迷商品中有属于第三方制作的产品，但诸如这种球迷纪念系列套装里的所有产品，一直都是恒大俱乐部自主生产，从不交给第三方！　　以前，很多球迷以为只有夺冠军了，球队队徽上又多了一颗冠军星了，才会更新换代推出新产品。那您就错了，恒大俱乐部对于基本的球迷套装系列里的产品，可谓年年更新，与夺冠与否并无关系！包括上面提及的家族化设计理念，正是通过每年的积累，才有了今日的成型，为的就是更好迎合球迷的需求，更好迎接新赛季。　　通过这些实拍图足以展现，别出心裁的设计、霸气如一的款式，无时不刻都在彰显冠军球队的王者风范。或许除了球队的成绩以及精彩的比赛，大家通过球迷产品（纪念品）的发展情况，亦能看出一家职业足球俱乐部的用心。图中所有产品在广州恒大俱乐部官方天猫店中均有销售，点击“阅读原文”便可进入，欢迎大家选购。　　最后，笔者希望呼吁广大球迷朋友，平时在浏览球队的各种资讯时，除了对最吸引眼球的“爆料”有所青睐以外，也更多关注一些有关球迷文化打造、推广的相关内容，包括这篇球迷衍生产品的介绍，说白了也算是属于咱的球迷文化输出，对于一家职业足球俱乐部的运营，以及其职业化程度高低的判断，实际上有着十分重要的决定性意义。希望大家不要忽视！有时候，咱与国际豪门之间的差距，竞技层面仅仅是一部分，在球迷文化上的缺失，也同样重要！然而这一切，往往便是从大家在意识、理念上的轻视开始的……笔者用心完成这篇报道，其实就是为了这个目的。
25403732,http://bbs.tianya.cn/post-university-116627-1.shtml,都说ACCA难，难于上青天。到底有多难？,蕁,2009-06-25 21:59:00,433,2,ACCA在越来越被广泛的认可以来，愈发重要。但听说这玩意儿很是难考，就不知有多难。如果要考，几年能过啊，几率大吗？各位有经验的磨叽几句，给个提议。
82237168,http://bbs.tianya.cn/post-feeling-4496425-1.shtml,我一个小兄弟曾面对2个美女不知怎么选择，很痛苦，都很可爱,鹰眼看地,2020-03-19 18:28:52,164,7,我一个小兄弟曾面对2个美女不知怎么选择，很痛苦，都长得很美，都很可爱，其中一个女孩来自农村，很纯真，五官精致，小巧玲珑，像个邻家女孩，是初恋女，另外一个女孩可以称作白富美，家里有权有势，性格有点冷，不爱讲多话，不过笑起来很甜，对男孩有杀伤力啊，肤色白净，气质不错，身材相对比另外那个女孩高上几厘米，有点明星气质，只是曾谈过恋爱，不过时间不长，他就要我们给她参考，我说你就找后面那个女孩吧，因为我只认识后面那个有点象白富美的女孩，另外那个女孩不认识，后来才认识，那个小巧玲珑的女孩后来曾犯了抑郁症，也成婚了。我那小兄弟长得比较帅，家境也不错。
142024955,http://bbs.tianya.cn/post-1179-223429-1.shtml,人类的救世主——宇宙能量妈妈 -,缘空先生,2020-03-19 18:35:09,68,23,....
137930438,http://bbs.tianya.cn/post-1151-91564-1.shtml,开山贴，记录每天的持仓心态！！,痛快的放肆一番,2020-03-05 11:29:32,809,7,之前也发帖，但是没坚持下来，就像小伙子追大姑娘，几次不上手就没动力了；不多赘述追大姑娘的事了，重点说股票。
141824583,http://bbs.tianya.cn/post-828-1562805-1.shtml,一个浙江老农20年的上访风雨路,老根头儿,2020-03-14 21:23:42,512,11,每年中国的春运期间，对于绝大多数返乡者来说，回家的路是一票难求。于是有人戏言：在广场或者机构门前，高举一块牌子， 陈述案情，可能就有机会被当地的维稳人员拉上车，免费管吃管住，当然也许少不了严厉的惩戒，最终被送回原籍并严密看管起来。当你看到这个故事的时候，会感到有些搞笑，但冷静后会感觉到其中的心酸。　　　　近日，笔者看到过一篇报道，说是一个浙江的老农卢章根已经申诉20年，通过聘请律师的方式维护自己的合法权益， 据他讲述在这20年里漫长的申诉过程中，历经磨难与挫折，他说只要是申诉人的待遇，都曾经经历过......可以想象其中的曲折与艰难。  　　　　　　如今他希望通过聘请有经验的刑事律师，用法律维护自己的权益， 老人家说他始终相信党和国家，党中央会不断的完善法治建设。也许这就是信访向信法的转变，进京申诉， 也许是冤屈的无奈之举，但是我们要相信一个事实， 没有哪个人会喜欢孤苦无依，挨冻受罪。在依法治国的背景下， 严格、规范不仅仅要求每个职能部门人员， 也寄托了广大人民群众的期许。在法律健全的制度下，政府职能部门应切实履行自己的职责，让人民群众切实的感受到公平公正以及公信力， 我们拭目以待！
109191025,http://bbs.tianya.cn/post-fans-481373-1.shtml,风雨不归路,卧雪眠云2020,2020-03-17 19:34:51,199,1,"2001年10月22日国家体育总局体彩管理中心向全国推出一种真正意义上与体育直接挂钩的体育竞猜型彩票——中国足球彩票。讫今已有18年半时间，已经成为彩票体系的一个重要组成部分,成为无数热爱足球运动的球迷乐在其中的一项益智游戏。　　时间总是那样匆匆，让一个刚刚25岁的年轻人,转眼到了中年。从学校中踢足球，看世界杯，接触彩票，各种足彩知识，让自己迅速信心膨胀，仿佛自己无所不能，仿佛一切尽在掌握。同为足彩爱好者的同事，不时在耳旁念叨足球话语，偶尔听到某某中奖的消息，靠着自己对足球仅有的一点热情，匆匆忙忙入市了。（引子）待续。"
139524106,http://bbs.tianya.cn/post-1190-8411-1.shtml,【叶丶子】出钻，收涯宝，钻换涯宝,乖乖叶丶子,2020-03-02 11:46:11,272,16,发布了图片
136884739,http://bbs.tianya.cn/post-1151-91602-1.shtml,周三午间分析,子琪论市,2020-03-18 12:13:35,170,1,早盘两市普涨，权重与题材齐涨，沪指收复2800点，创业板大涨逾3%。　　大基金二期入股预期下，光刻胶概念延续，容大感光连板；昨晚曝出大基金二期入股紫光展锐的消息，概念股泰晶科技开盘快速涨停，紫光国微冲击涨停；带动半导体、集成电路产业链普涨。　　特高压/电力物联网延续炒作，国家电网发力充电桩，概念股大涨，通合科技等10只涨停，成为今天最强的板块。　　新基建继续扩散，云计算/数据中心概念大涨，云办公等普涨。　　消费电子板块前期大跌后，今天全线反弹，蓝思科技、领益智造等龙头大涨。　　美国开始对疫苗进行人体试验，刺激国内疫苗股普涨；同时，口罩、医疗器械等防疫概念大跌，国恩股份、尚荣医疗、振德医疗等开盘一度跌停；土地流转概念大跌，海航创新跌停。　　复工复产预期下，水泥为首的基建股大涨；猪肉、鸡肉等养殖股、农业股普涨，酒店餐饮等消费股普涨。　　早盘两市成交4665亿，预计全天仍然只有8000亿左右的成交　　昨天直播分享的几个股都是涨势不错，容大感光开盘涨停，太极实业 国科微继续走强，用友网络走高 可惜出早了南大光电，昨天获利15个点出局，今天再涨6个点。更多精彩关注牛散每天直播！
135730014,http://bbs.tianya.cn/post-828-1561937-1.shtml,桂林，为什么对诈骗团伙这么包容！,ty_135730014,2020-02-19 01:50:51,1221,6,桂林的诈骗骗子太多，诈骗犯的天堂，投资环境堪忧。　　我于2020.1.15在七星区万达华府1-2-1302被诈骗团伙诈骗15万，多次找经侦不立案，不受理，不作为怎么办，本人打过法律热线，问律师，都说是诈骗。而且是诈骗团伙，行为恶劣。　　1.犯过案子，惯犯，老手，有团伙　　2.钱被诈骗转移走了　　3.我和诈骗犯之前未曾谋面　　阳朔何旋亦诈骗团伙两天诈骗41.5万元，（还有人被诈骗26.5万）逍遥法外34天了，居然依然没有任何进展。　　每一秒钟想起这个诈骗的事情我都愤怒，注意力也无法集中，我真的很无助，真的需要呼唤正义，如果邪恶可以战胜正义，我无话可说。我查了很多法律，还有和律师也聊过很多，也打了自治区法律热线，这个是诈骗无误的。为什么公安要对我这样，不受理，不立案，不作为！　　桂林，为什么对诈骗这么包容！　　爆料，求助！　　桂林阳朔何旋亦诈骗团伙的诈骗行为，隐瞒事实，非法占有几个点　　1、我跟此人是素不相识的 ，第一次见面，其自称公务员，资质好。隐瞒自己已经是老赖的身份，官司缠身，四处诈骗。　　2、在桂林七星区要求本人转15万到他本人储蓄卡，由其自己用于还他的信用卡和朋友的信用卡，然后两小时一起用他自己的pos机刷出来还给我。后来得知已经用这个手法作案几起，惯犯，团伙作案。　　3、他宣称钱是用来还自己和其朋友的信用卡的，然而在派出所发现所有信用卡都是本人的卡并且已经事先冻结好是受限制的卡，一分钱刷不出来的。充分预谋。准备充分　　4、我的15万元转到他储蓄卡，他没有去偿还信用卡，更没有去刷卡偿还本人，所有他的信用卡事后检测都是受限状态。目前本人15万资金不知所终。派出所初查发现转入不知名平台，应当是团伙里应外合，充分预谋。　　5、15万进入它的储蓄卡我的钱不知去向，本人提出查看交易明细，其就故意连续3次输错网银密码，冻结账号不让我查看。手段技法娴熟。　　6、此人明知自己无偿还能力 还有储蓄账户呈冻结状态 ，外面欠很多债，以代还信用卡名义，实际抱着骗取本人巨额资金目的。涉嫌信用卡诈骗罪　　7、其事先已经明知根本没有偿还我钱的任何能力和财产！从后来发现的证据自称填窟窿　　8、最终非法占有本人15万元，虽口口声称归还，实际上是拒不归还。
132699723,http://bbs.tianya.cn/post-fans-481371-1.shtml,NBA较欧洲联赛更为简单？卢卡·东契奇，少年老成的典范！(转载),糖送八大佳阅,2020-03-17 14:46:08,224,1,现在，我们都知道卢卡·东契奇是一位很强的球员，可当初，没有人能预料到他能到今天这个地步，就像我们今天也不知道他能够成长到什么地步一样。可是，东契奇究竟强在哪里呢？　　　　卢卡·东契奇在2018年被老鹰队选为探花秀，随后交易至独行侠队。最开始的时候，人们认为东契奇技术很好，在球场上的经验很足，有些少年老成的感觉，由于他之前在欧洲联赛的经历，人们也不足为奇。但是，已经过去了两个赛季，东契奇的表现一直非常稳定，场均可以得到28.7分8.7篮板9.6助攻，这样的数据如果遮去名字还以为是詹姆斯或者是威斯布鲁克呢。　　　　但是詹姆斯和威斯布鲁克都有着极为出色的身体素质，而东契奇则没有，被球迷戏称为胖七七的东契奇跑的不算快，跳的也不高，也没有很强的爆发力。但是他就是东契奇，他已经成为这个球队的老大，年纪轻轻就像一个在联盟里打了很长时间的巨星一般持球单打，做一些高难度的动作，投出一些不合理的投篮，面对那些成名已久的球星也丝毫不落下风。　　　　东契奇有它自己的独到之处，虽然身高超过了两米，但是他的控球技术仍然是后卫级别的，总能够利用自己精湛的技术晃过面前的防守人，找到属于自己的投篮空间；突破到内线后，他又可以利用出色的身体控制，从各种角度将球放进篮框，或者充分发挥自己的传球视野，把球送到队友手里，轻松完成得分。　　　　虽然东契奇在关键球的处理方面看起来仍然欠一些火候，总在关键时刻沉迷于后撤步，但是他今年才只有20岁左右，他在联盟的路还很长，等着他的荣誉也还很多，我们也希望这位阳光帅气的大男孩可以健康的度过自己的职业生涯，去攀登一座一座的高山。
12169125,http://bbs.tianya.cn/post-1179-223426-1.shtml,得分越来越低了，今天20.01。10钻52%,螺子001,2020-03-19 11:30:31,9843,6062,得分越来越低了，今天才20多分。涯叔加油鸭，别让涯友们失望。螺子呕心沥血为你添砖加瓦了，哈哈哈
142065596,http://bbs.tianya.cn/post-1151-91556-1.shtml,找了个兼职做做，每天10块钱，不用实名，不用充值,一个小农民2020,2020-02-29 01:11:00,1199,13,大家有兴趣了解吗
128033121,http://bbs.tianya.cn/post-no11-5008666-1.shtml,云想衣裳花想容,小青虫的庄蝶梦,2020-02-16 21:05:10,1116,47,平凡人，平凡衣，平时喜欢看群里姐妹们的搭配，也偷偷吸收课不少正能量，鼓起勇气，克服懒惰，憋在家里的十几天里终于来自己的首帖，一起交流～～～
